Exp Date,name,location,Temp,pH,Month,Free_Cl,Cl_Class,ATP,CFU,HPC_fail,Criteria,Type,Culturability,LNA,HNA,ICC_2.5log,ICC_3.0log,ICC_3.5log,ICC_4.0log,ICC_4.5log,ratio,Shannon,Simpson,ICC,2.1 log,2.2 log,2.3 log,2.4 log,2.5 log,2.6 log,2.7 log,2.8 log,2.9 log,3.0 log,3.1 log,3.2 log,3.3 log,3.4 log,3.5 log,3.6 log,3.7 log,3.8 log,3.9 log,4.0 log,4.1 log,4.2 log,4.3 log,4.4 log,4.5 log,4.6 log,4.7 log,4.8 log,4.9 log,5.0 log,% 2.1 log,% 2.2 log,% 2.3 log,% 2.4 log,% 2.5 log,% 2.6 log,% 2.7 log,% 2.8 log,% 2.9 log,% 3.0 log,% 3.1 log,% 3.2 log,% 3.3 log,% 3.4 log,% 3.5 log,% 3.6 log,% 3.7 log,% 3.8 log,% 3.9 log,% 4.0 log,% 4.1 log,% 4.2 log,% 4.3 log,% 4.4 log,% 4.5 log,% 4.6 log,% 4.7 log,% 4.8 log,% 4.9 log,% 5.0 log
2022. 1. 10,B0110 AF,A,7.4,6.76,1,0.23,0.2,18.6,0,0,Pass,Flushed,0.00%,894,38,798,96,32,2,0,0.043,1.826993,0.748644,932,402,196,108,66,26,28,16,16,12,24,6,6,14,4,2,2,0,0,0,0,0,0,0,0,0,0,0,2,2,0,43%,21%,12%,7%,3%,3%,2%,2%,1%,3%,1%,1%,2%,0%,0%,0%,0%,0%,0%,0%,0%,0%,0%,0%,0%,0%,0%,0%,0%,0%
2022. 1. 10,B0110 A,A,9,6.63,1,0.08,0.1,18.1,0,0,Pass,Stagnant,0.00%,746,46,666,80,46,0,0,0.062,1.874267,0.768328,792,326,156,90,62,32,28,14,14,8,16,24,16,4,2,0,0,0,0,0,0,0,0,0,0,0,0,0,0,0,0,41%,20%,11%,8%,4%,4%,2%,2%,1%,2%,3%,2%,1%,0%,0%,0%,0%,0%,0%,0%,0%,0%,0%,0%,0%,0%,0%,0%,0%,0%
2022. 1. 14,A0110 AF,A,23.5,7.12,1,0.23,0.2,12.8,0,0,Pass,Flush+In,0.00%,336,40,252,84,32,4,0,0.119,2.153341,0.804255,376,148,54,34,6,10,16,20,26,14,8,8,12,4,4,4,2,0,0,0,2,0,0,0,0,0,0,0,2,2,0,39%,14%,9%,2%,3%,4%,5%,7%,4%,2%,2%,3%,1%,1%,1%,1%,0%,0%,0%,1%,0%,0%,0%,0%,0%,0%,0%,1%,1%,0%
2022. 1. 14,A0110 A,A,25.2,7.33,1,0.08,0.1,10.6,0,0,Pass,Stag+In,0.00%,758,170,428,330,162,8,0,0.224,2.61823,0.919298,928,144,84,54,80,66,66,74,68,86,36,46,36,34,28,18,8,0,0,0,0,0,0,0,0,0,0,0,0,0,0,16%,9%,6%,9%,7%,7%,8%,7%,9%,4%,5%,4%,4%,3%,2%,1%,0%,0%,0%,0%,0%,0%,0%,0%,0%,0%,0%,0%,0%,0%
2022. 1. 10,B0110 B,B,18.6,6.94,1,0.01,0,63.2,9934,1,Fail,Stagnant,35.27%,14102,14060,4908,9194,12002,1914,138,0.997,2.786481,0.930082,28162,2008,856,642,698,704,1014,1874,2114,2156,2036,2140,2530,3280,2398,1654,990,474,232,124,94,70,50,16,2,0,0,0,2,4,0,7%,3%,2%,2%,2%,4%,7%,8%,8%,7%,8%,9%,12%,9%,6%,4%,2%,1%,0%,0%,0%,0%,0%,0%,0%,0%,0%,0%,0%,0%
2022. 1. 14,B0114 BF,B,8.7,6.62,1,0.14,0.1,12,0,0,Pass,Flushed,0.00%,840,78,488,352,70,2,2,0.093,2.50252,0.909169,918,136,98,96,92,66,74,74,92,62,50,28,20,16,4,2,0,2,0,0,0,0,2,0,0,0,0,0,0,4,0,15%,11%,10%,10%,7%,8%,8%,10%,7%,5%,3%,2%,2%,0%,0%,0%,0%,0%,0%,0%,0%,0%,0%,0%,0%,0%,0%,0%,0%,0%
2022. 1. 14,B0114 C,C,14.4,6.89,1,0.01,0,9.6,0,0,Pass,Stagnant,0.00%,1196,116,688,508,94,20,2,0.097,2.534593,0.910011,1312,178,106,120,116,168,136,118,102,72,80,42,20,10,16,6,10,2,2,2,4,0,0,0,2,0,0,0,0,0,0,14%,8%,9%,9%,13%,10%,9%,8%,5%,6%,3%,2%,1%,1%,0%,1%,0%,0%,0%,0%,0%,0%,0%,0%,0%,0%,0%,0%,0%,0%
2022. 1. 14,B0114 CF,C,8.8,6.83,1,0.24,0.2,6.1,0,0,Pass,Flushed,0.00%,186,2,160,26,0,0,0,0.011,1.656637,0.70611,188,94,32,18,12,4,4,10,6,2,4,0,0,0,0,0,0,0,0,0,0,0,0,0,0,0,0,0,0,2,0,50%,17%,10%,6%,2%,2%,5%,3%,1%,2%,0%,0%,0%,0%,0%,0%,0%,0%,0%,0%,0%,0%,0%,0%,0%,0%,0%,0%,1%,0%
2022. 1. 17,A0114 B,B,27.2,7.67,1,0.01,0,63.3,2250,1,Fail,Stag+In,9.23%,2782,21596,754,2028,13222,7042,1130,7.763,2.676595,0.907436,24378,314,124,146,100,70,120,194,286,456,972,1428,1830,2704,3296,3964,3136,1388,1052,858,608,442,278,190,136,84,54,40,46,62,0,1%,1%,1%,0%,0%,0%,1%,1%,2%,4%,6%,8%,11%,14%,16%,13%,6%,4%,4%,2%,2%,1%,1%,1%,0%,0%,0%,0%,0%,0%
2022. 1. 17,A0114 BF,B,27.5,7.71,1,0.14,0.1,7.5,0,0,Pass,Flush+In,0.00%,300,60,230,70,28,24,4,0.2,2.562595,0.89545,360,76,46,50,36,22,30,12,14,6,8,4,4,6,8,6,10,6,4,2,2,4,0,0,0,0,0,0,0,4,0,21%,13%,14%,10%,6%,8%,3%,4%,2%,2%,1%,1%,2%,2%,2%,3%,2%,1%,1%,1%,1%,0%,0%,0%,0%,0%,0%,0%,1%,0%
2022. 1. 17,A0114 C,C,27.6,7.77,1,0.01,0,93.5,350,1,Fail,Stag+In,1.09%,19376,12608,9176,10200,10442,1970,172,0.651,2.822469,0.933491,31984,2874,2550,1740,1110,902,1044,1752,2952,2668,1784,1506,2118,3108,2292,1418,1050,420,220,184,96,70,44,28,18,12,4,6,2,12,0,9%,8%,5%,3%,3%,3%,5%,9%,8%,6%,5%,7%,10%,7%,4%,3%,1%,1%,1%,0%,0%,0%,0%,0%,0%,0%,0%,0%,0%,0%
2022. 1. 17,A0114 CF,C,27.4,7.76,1,0.24,0.2,6.5,0,0,Pass,Flush+In,0.00%,904,236,654,250,188,38,4,0.261,2.616963,0.903175,1140,228,180,106,82,58,64,50,38,56,42,24,34,38,58,34,18,10,6,0,4,0,2,2,0,0,0,0,0,6,0,20%,16%,9%,7%,5%,6%,4%,3%,5%,4%,2%,3%,3%,5%,3%,2%,1%,1%,0%,0%,0%,0%,0%,0%,0%,0%,0%,0%,1%,0%
2022. 1. 17,B0117 A,A,7.4,6.86,1,0.14,0.1,10.1,0,0,Pass,Stagnant,0.00%,140,8,110,30,6,0,0,0.057,2.075316,0.851995,148,36,18,30,8,18,20,4,2,4,0,2,4,0,0,0,0,0,0,0,0,0,0,0,0,0,0,0,0,2,0,24%,12%,20%,5%,12%,14%,3%,1%,3%,0%,1%,3%,0%,0%,0%,0%,0%,0%,0%,0%,0%,0%,0%,0%,0%,0%,0%,0%,1%,0%
2022. 1. 17,B0117 AF,A,6.5,6.85,1,0.15,0.2,8.7,0,0,Pass,Flushed,0.00%,290,132,166,124,130,2,0,0.455,2.494715,0.902928,422,78,52,10,16,10,16,14,20,30,44,22,48,42,12,6,2,0,0,0,0,0,0,0,0,0,0,0,0,0,0,18%,12%,2%,4%,2%,4%,3%,5%,7%,10%,5%,11%,10%,3%,1%,0%,0%,0%,0%,0%,0%,0%,0%,0%,0%,0%,0%,0%,0%,0%
2022. 1. 17,B0117 B,B,14.7,6.74,1,0.01,0,49.7,1105,1,Fail,Stagnant,8.13%,5468,8124,2158,3310,6868,1236,18,1.486,2.763364,0.927129,13592,444,384,398,420,512,484,534,640,700,952,1300,1596,1526,1352,1094,718,264,166,64,24,8,2,2,6,0,2,0,0,0,0,3%,3%,3%,3%,4%,4%,4%,5%,5%,7%,10%,12%,11%,10%,8%,5%,2%,1%,0%,0%,0%,0%,0%,0%,0%,0%,0%,0%,0%,0%
2022. 1. 17,B0117 BF,B,8.7,6.91,1,0.13,0.1,10.2,0,0,Pass,Flushed,0.00%,1204,608,612,592,564,44,0,0.505,2.718848,0.928981,1812,232,122,86,90,82,98,96,110,152,136,126,158,132,98,50,30,12,0,2,0,0,0,0,0,0,0,0,0,0,0,13%,7%,5%,5%,5%,5%,5%,6%,8%,8%,7%,9%,7%,5%,3%,2%,1%,0%,0%,0%,0%,0%,0%,0%,0%,0%,0%,0%,0%,0%
2022. 1. 17,B0117 C,C,16.6,6.78,1,0,0,12.7,0,0,Pass,Stagnant,0.00%,1726,876,1018,708,838,36,2,0.508,2.627633,0.917827,2602,366,214,176,130,132,128,124,122,130,204,300,308,114,100,16,14,10,10,2,0,0,2,0,0,0,0,0,0,0,0,14%,8%,7%,5%,5%,5%,5%,5%,5%,8%,12%,12%,4%,4%,1%,1%,0%,0%,0%,0%,0%,0%,0%,0%,0%,0%,0%,0%,0%,0%
2022. 1. 17,B0117 CF,C,9.5,6.54,1,0.22,0.2,17.2,0,0,Pass,Flushed,0.00%,354,42,290,64,34,6,0,0.119,2.046314,0.770694,396,172,66,28,16,8,16,18,8,6,16,10,8,6,8,2,2,0,0,2,2,0,0,0,0,0,0,0,0,2,0,43%,17%,7%,4%,2%,4%,5%,2%,2%,4%,3%,2%,2%,2%,1%,1%,0%,0%,1%,1%,0%,0%,0%,0%,0%,0%,0%,0%,1%,0%
2022. 1. 21,A0117 A,A,24.4,7.22,1,0.14,0.1,14.5,0,0,Pass,Stag+In,0.00%,2682,5006,1168,1514,4520,486,0,1.867,2.598069,0.908635,7688,386,270,180,160,172,188,188,244,402,492,704,1040,1306,914,556,352,110,18,6,0,0,0,0,0,0,0,0,0,0,0,5%,4%,2%,2%,2%,2%,2%,3%,5%,6%,9%,14%,17%,12%,7%,5%,1%,0%,0%,0%,0%,0%,0%,0%,0%,0%,0%,0%,0%,0%
2022. 1. 21,A0117 AF,A,24.2,7.19,1,0.15,0.2,22.6,0,0,Pass,Flush+In,0.00%,3966,3014,1126,2840,2754,242,12,0.76,2.7245,0.927092,6980,212,140,162,210,402,574,454,572,586,654,542,538,628,722,324,140,64,22,8,8,2,4,2,4,0,0,2,0,4,0,3%,2%,2%,3%,6%,8%,7%,8%,8%,9%,8%,8%,9%,10%,5%,2%,1%,0%,0%,0%,0%,0%,0%,0%,0%,0%,0%,0%,0%,0%
2022. 1. 21,A0117 B,B,24.7,7.25,1,0.01,0,45.1,1255,1,Fail,Stag+In,3.04%,30676,10670,14164,16512,9534,1078,54,0.348,2.762068,0.932098,41346,2168,2300,2808,3424,3464,3652,3448,3290,3182,2940,2462,2268,2064,1590,1150,512,306,144,68,48,26,18,4,4,2,2,0,0,2,0,5%,6%,7%,8%,8%,9%,8%,8%,8%,7%,6%,5%,5%,4%,3%,1%,1%,0%,0%,0%,0%,0%,0%,0%,0%,0%,0%,0%,0%,0%
2022. 1. 21,A0117 BF,B,25.4,7.48,1,0.13,0.1,16,18,0,Pass,Flush+In,0.06%,20966,8668,11080,9886,7440,1158,68,0.413,2.805164,0.934635,29634,1688,2074,2226,2570,2522,2568,2326,1946,1626,1420,1580,1802,1732,1332,994,534,252,174,114,84,32,20,12,0,4,0,2,0,0,0,6%,7%,8%,9%,9%,9%,8%,7%,5%,5%,5%,6%,6%,4%,3%,2%,1%,1%,0%,0%,0%,0%,0%,0%,0%,0%,0%,0%,0%,0%
2022. 1. 21,A0117 C,C,24.6,7.57,1,0,0,37,440,1,Fail,Stag+In,1.14%,24314,14250,11394,12920,11524,2388,312,0.586,2.888273,0.939774,38564,1400,1998,2258,2704,3034,2884,2722,2600,2478,2236,2340,2446,2578,2206,1954,1018,542,426,238,164,114,70,68,28,32,4,8,4,10,0,4%,5%,6%,7%,8%,7%,7%,7%,6%,6%,6%,6%,7%,6%,5%,3%,1%,1%,1%,0%,0%,0%,0%,0%,0%,0%,0%,0%,0%,0%
2022. 1. 21,A0117 CF,C,23.6,7.68,1,0.22,0.2,19.4,0,0,Pass,Flush+In,0.00%,10096,5130,4976,5120,4300,750,76,0.508,2.840665,0.936567,15226,614,742,976,1352,1292,1172,1114,1008,1018,808,944,894,996,962,504,318,194,112,76,50,28,12,18,6,12,0,4,0,0,0,4%,5%,6%,9%,8%,8%,7%,7%,7%,5%,6%,6%,7%,6%,3%,2%,1%,1%,0%,0%,0%,0%,0%,0%,0%,0%,0%,0%,0%,0%
2022. 1. 21,B0121 B,B,14.7,7,1,0.01,0,9.6,25,0,Pass,Stagnant,0.74%,2872,520,1954,918,496,24,0,0.181,2.556427,0.911736,3392,398,390,396,424,346,320,180,150,148,120,130,116,142,82,26,16,6,0,0,2,0,0,0,0,0,0,0,0,0,0,12%,11%,12%,13%,10%,9%,5%,4%,4%,4%,4%,3%,4%,2%,1%,0%,0%,0%,0%,0%,0%,0%,0%,0%,0%,0%,0%,0%,0%,0%
2022. 1. 21,B0121 BF,B,6.7,6.92,1,0.15,0.2,5.4,0,0,Pass,Flushed,0.00%,596,34,494,102,34,0,0,0.057,2.164566,0.852288,630,160,120,84,86,44,30,20,30,8,14,14,6,2,8,4,0,0,0,0,0,0,0,0,0,0,0,0,0,0,0,25%,19%,13%,14%,7%,5%,3%,5%,1%,2%,2%,1%,0%,1%,1%,0%,0%,0%,0%,0%,0%,0%,0%,0%,0%,0%,0%,0%,0%,0%
2022. 1. 21,B0121 C,C,14.8,6.92,1,0.01,0,6.6,0,0,Pass,Stagnant,0.00%,1762,98,1348,414,92,4,0,0.056,2.298918,0.878292,1860,310,332,308,232,166,128,96,66,70,54,34,14,28,14,2,0,0,4,0,0,0,0,0,0,0,0,0,0,2,0,17%,18%,17%,12%,9%,7%,5%,4%,4%,3%,2%,1%,2%,1%,0%,0%,0%,0%,0%,0%,0%,0%,0%,0%,0%,0%,0%,0%,0%,0%
2022. 1. 21,B0121 CF,C,10.6,6.94,1,0.23,0.2,7.4,0,0,Pass,Flushed,0.00%,246,12,214,32,10,2,0,0.049,1.948358,0.795463,258,98,42,36,24,14,8,16,2,0,6,2,2,2,2,2,2,0,0,0,0,0,0,0,0,0,0,0,0,0,0,38%,16%,14%,9%,5%,3%,6%,1%,0%,2%,1%,1%,1%,1%,1%,1%,0%,0%,0%,0%,0%,0%,0%,0%,0%,0%,0%,0%,0%,0%
2022. 1. 24,A0121 B,B,25.7,7.15,1,0.01,0,35.9,32,0,Pass,Stag+In,0.20%,10726,5324,2186,8540,4666,610,46,0.496,2.670244,0.91715,16050,274,284,426,484,718,1066,1418,1886,2232,1938,1370,970,996,774,556,268,148,104,66,24,18,20,4,2,2,2,0,0,0,0,2%,2%,3%,3%,4%,7%,9%,12%,14%,12%,9%,6%,6%,5%,3%,2%,1%,1%,0%,0%,0%,0%,0%,0%,0%,0%,0%,0%,0%,0%
2022. 1. 24,A0121 BF,B,26.8,7.32,1,0.15,0.2,10.4,0,0,Pass,Flush+In,0.00%,382,36,216,166,28,6,2,0.094,2.51165,0.909619,418,56,56,36,30,38,28,32,32,52,22,10,8,4,6,0,4,2,0,0,0,0,0,0,2,0,0,0,0,0,0,13%,13%,9%,7%,9%,7%,8%,8%,12%,5%,2%,2%,1%,1%,0%,1%,0%,0%,0%,0%,0%,0%,0%,0%,0%,0%,0%,0%,0%,0%
2022. 1. 24,A0121 C,C,25.9,7.34,1,0.01,0,59.9,0,0,Pass,Stag+In,0.00%,11592,5842,1816,9776,4790,938,100,0.504,2.633477,0.906421,17434,180,260,338,420,618,926,1352,1802,2638,3058,1532,1112,946,656,544,384,206,174,102,72,38,20,20,12,10,4,6,2,2,0,1%,1%,2%,2%,4%,5%,8%,10%,15%,18%,9%,6%,5%,4%,3%,2%,1%,1%,1%,0%,0%,0%,0%,0%,0%,0%,0%,0%,0%,0%
2022. 1. 24,A0121 CF,C,25,7.42,1,0.23,0.2,5.7,0,0,Pass,Flush+In,0.00%,228,22,202,26,18,4,0,0.096,1.938498,0.782522,250,98,54,22,20,8,4,10,2,2,8,8,4,6,0,0,4,0,0,0,0,0,0,0,0,0,0,0,0,0,0,39%,22%,9%,8%,3%,2%,4%,1%,1%,3%,3%,2%,2%,0%,0%,2%,0%,0%,0%,0%,0%,0%,0%,0%,0%,0%,0%,0%,0%,0%
2022. 1. 24,B0124 C,C,17.4,6.86,1,0.01,0,12.7,0,0,Pass,Stagnant,0.00%,1582,384,916,666,350,28,6,0.243,2.663394,0.923508,1966,250,190,160,156,160,154,146,116,128,122,118,114,72,32,14,12,6,6,0,4,4,2,0,0,0,0,0,0,0,0,13%,10%,8%,8%,8%,8%,7%,6%,7%,6%,6%,6%,4%,2%,1%,1%,0%,0%,0%,0%,0%,0%,0%,0%,0%,0%,0%,0%,0%,0%
2022. 1. 24,B0124 CF,C,9.8,6.73,1,0.29,0.3,4.7,0,0,Pass,Flushed,0.00%,280,10,250,30,8,2,0,0.036,1.806283,0.761532,290,120,62,34,18,16,10,10,8,0,2,4,2,2,0,0,2,0,0,0,0,0,0,0,0,0,0,0,0,0,0,41%,21%,12%,6%,6%,3%,3%,3%,0%,1%,1%,1%,1%,0%,0%,1%,0%,0%,0%,0%,0%,0%,0%,0%,0%,0%,0%,0%,0%,0%
2022. 3. 29,B0329 A,A,13.1,7.21,3,0.05,0.1,8.5,0,0,Pass,Stagnant,0.00%,330,46,258,72,20,4,8,0.139,2.322072,0.839262,376,126,62,38,22,10,16,14,14,16,12,6,2,2,6,4,0,2,2,0,0,2,2,4,0,0,0,4,0,10,0,34%,16%,10%,6%,3%,4%,4%,4%,4%,3%,2%,1%,1%,2%,1%,0%,1%,1%,0%,0%,1%,1%,1%,0%,0%,0%,1%,0%,3%,0%
2022. 3. 29,B0329 AF,A,12.8,7.24,3,0.15,0.2,13.7,0,0,Pass,Flushed,0.00%,880,12,740,140,12,0,0,0.014,1.976715,0.817341,892,278,194,124,94,50,38,28,38,24,12,2,0,4,4,2,0,0,0,0,0,0,0,0,0,0,0,0,0,0,0,31%,22%,14%,11%,6%,4%,3%,4%,3%,1%,0%,0%,0%,0%,0%,0%,0%,0%,0%,0%,0%,0%,0%,0%,0%,0%,0%,0%,0%,0%
2022. 3. 29,B0329 B,B,18.6,7.16,3,0.02,0,15.3,0,0,Pass,Stagnant,0.00%,2556,448,1494,1062,422,22,2,0.175,2.5893,0.915139,3004,466,340,268,208,212,228,176,228,232,198,160,108,90,42,22,10,4,0,2,6,0,0,2,0,0,0,0,0,2,0,16%,11%,9%,7%,7%,8%,6%,8%,8%,7%,5%,4%,3%,1%,1%,0%,0%,0%,0%,0%,0%,0%,0%,0%,0%,0%,0%,0%,0%,0%
2022. 3. 29,B0329 BF,B,12.9,7.23,3,0.15,0.2,15,0,0,Pass,Flushed,0.00%,548,10,474,74,4,0,4,0.018,1.920215,0.815892,558,166,128,86,52,42,32,28,12,2,0,2,0,2,0,0,0,0,0,0,0,0,0,0,2,2,0,0,0,2,0,30%,23%,15%,9%,8%,6%,5%,2%,0%,0%,0%,0%,0%,0%,0%,0%,0%,0%,0%,0%,0%,0%,0%,0%,0%,0%,0%,0%,0%,0%
2022. 3. 29,B0329 C,C,19.6,7.22,3,0.02,0,15.8,0,0,Pass,Stagnant,0.00%,1190,52,810,380,42,10,0,0.044,2.353869,0.888007,1242,254,150,132,136,138,112,82,74,68,44,16,14,10,2,0,2,2,2,2,2,0,0,0,0,0,0,0,0,0,0,20%,12%,11%,11%,11%,9%,7%,6%,5%,4%,1%,1%,1%,0%,0%,0%,0%,0%,0%,0%,0%,0%,0%,0%,0%,0%,0%,0%,0%,0%
2022. 3. 29,B0329 CF,C,14,7.27,3,0.28,0.3,41.7,0,0,Pass,Flushed,0.00%,1246,78,1012,234,70,4,0,0.063,2.15415,0.828,1324,444,236,128,108,96,56,50,54,34,40,22,20,14,8,6,0,0,2,2,0,0,0,0,0,0,0,0,0,4,0,34%,18%,10%,8%,7%,4%,4%,4%,3%,3%,2%,2%,1%,1%,0%,0%,0%,0%,0%,0%,0%,0%,0%,0%,0%,0%,0%,0%,0%,0%
2022. 3. 29,A0329 A,A,27.6,7.42,3,0.05,0.1,13.9,0,0,Pass,Stag+In,0.00%,1912,304,1340,572,276,26,0,0.159,2.510812,0.900262,2216,390,356,266,178,150,164,110,92,114,92,84,84,54,38,16,18,0,4,2,2,0,0,0,0,0,2,0,0,0,0,18%,16%,12%,8%,7%,7%,5%,4%,5%,4%,4%,4%,2%,2%,1%,1%,0%,0%,0%,0%,0%,0%,0%,0%,0%,0%,0%,0%,0%,0%
2022. 3. 29,A0329 AF,A,28,7.57,3,0.15,0.2,9.5,0,0,Pass,Flush+In,0.00%,1640,76,1410,230,68,8,0,0.046,2.038564,0.818371,1716,568,314,230,184,114,74,78,34,32,12,28,8,20,10,2,4,0,0,4,0,0,0,0,0,0,0,0,0,0,0,33%,18%,13%,11%,7%,4%,5%,2%,2%,1%,2%,0%,1%,1%,0%,0%,0%,0%,0%,0%,0%,0%,0%,0%,0%,0%,0%,0%,0%,0%
2022. 3. 29,A0329 B,B,27.6,7.83,3,0.02,0,63.7,7070,1,Fail,Stag+In,32.34%,18436,3424,8990,9446,3100,308,16,0.186,2.652808,0.923017,21860,1798,1762,1714,1750,1966,1998,2056,1966,2048,1378,1098,808,600,336,258,128,92,60,12,16,8,2,0,2,4,0,0,0,0,0,8%,8%,8%,8%,9%,9%,9%,9%,9%,6%,5%,4%,3%,2%,1%,1%,0%,0%,0%,0%,0%,0%,0%,0%,0%,0%,0%,0%,0%,0%
2022. 3. 29,A0329 BF,B,27,7.88,3,0.15,0.2,28.3,0,0,Pass,Flush+In,0.00%,2718,200,1854,864,190,6,4,0.074,2.414159,0.894158,2918,532,426,352,300,244,216,202,184,144,118,80,40,36,20,14,2,2,0,2,0,0,2,0,2,0,0,0,0,0,0,18%,15%,12%,10%,8%,7%,7%,6%,5%,4%,3%,1%,1%,1%,0%,0%,0%,0%,0%,0%,0%,0%,0%,0%,0%,0%,0%,0%,0%,0%
2022. 3. 29,A0329 C,C,26.6,7.88,3,0.02,0,28.4,0,0,Pass,Stag+In,0.00%,12426,3488,4812,7614,3098,358,26,0.281,2.697535,0.925188,15914,1020,866,788,910,1228,1490,1446,1542,1672,1464,1128,890,608,286,186,138,86,88,32,14,6,8,2,4,6,4,0,0,2,0,6%,5%,5%,6%,8%,9%,9%,10%,11%,9%,7%,6%,4%,2%,1%,1%,1%,1%,0%,0%,0%,0%,0%,0%,0%,0%,0%,0%,0%,0%
2022. 3. 29,A0329 CF,C,27,7.9,3,0.28,0.3,11.5,0,0,Pass,Flush+In,0.00%,968,32,798,170,24,8,0,0.033,2.033317,0.814943,1000,334,198,132,88,46,70,36,22,28,14,4,8,2,8,2,2,2,0,2,2,0,0,0,0,0,0,0,0,0,0,33%,20%,13%,9%,5%,7%,4%,2%,3%,1%,0%,1%,0%,1%,0%,0%,0%,0%,0%,0%,0%,0%,0%,0%,0%,0%,0%,0%,0%,0%
2022. 4. 1,B0401 B,B,18.1,7.39,4,0.01,0,20.1,0,0,Pass,Stagnant,0.00%,4394,222,2638,1756,212,10,0,0.051,2.387228,0.897507,4616,580,478,518,528,534,576,530,338,196,116,82,58,34,24,14,6,0,0,4,0,0,0,0,0,0,0,0,0,0,0,13%,10%,11%,11%,12%,12%,11%,7%,4%,3%,2%,1%,1%,1%,0%,0%,0%,0%,0%,0%,0%,0%,0%,0%,0%,0%,0%,0%,0%,0%
2022. 4. 1,B0401 BF,B,13.4,7.48,4,0.16,0.2,19.5,0,0,Pass,Flushed,0.00%,1052,42,852,200,40,2,0,0.04,2.157491,0.853877,1094,288,168,162,128,106,62,68,36,16,18,14,12,8,6,0,0,2,0,0,0,0,0,0,0,0,0,0,0,0,0,26%,15%,15%,12%,10%,6%,6%,3%,1%,2%,1%,1%,1%,1%,0%,0%,0%,0%,0%,0%,0%,0%,0%,0%,0%,0%,0%,0%,0%,0%
2022. 4. 1,B0401 C,C,21.4,7.41,4,0.2,0.2,29,0,0,Pass,Stagnant,0.00%,562,32,474,88,30,2,0,0.057,2.098318,0.830679,594,190,104,72,52,56,20,34,16,10,8,16,6,4,2,2,0,0,0,2,0,0,0,0,0,0,0,0,0,0,0,32%,18%,12%,9%,9%,3%,6%,3%,2%,1%,3%,1%,1%,0%,0%,0%,0%,0%,0%,0%,0%,0%,0%,0%,0%,0%,0%,0%,0%,0%
2022. 4. 1,B0401 CF,C,13.1,7.42,4,0.27,0.3,26.2,0,0,Pass,Flushed,0.00%,826,46,696,130,36,8,2,0.056,2.126015,0.827911,872,286,142,116,92,60,40,28,20,26,16,12,12,8,2,2,2,0,2,2,2,0,2,0,0,0,0,0,0,0,0,33%,16%,13%,11%,7%,5%,3%,2%,3%,2%,1%,1%,1%,0%,0%,0%,0%,0%,0%,0%,0%,0%,0%,0%,0%,0%,0%,0%,0%,0%
2022. 4. 1,A0401 B,B,30.4,7.85,4,0.01,0,51.7,1292,1,Fail,Stag+In,5.35%,9512,14634,1864,7648,11860,2662,110,1.538,2.7199,0.922718,24146,324,290,330,332,588,930,1314,1470,1786,2148,2630,2862,2710,2032,1626,1340,786,310,172,54,40,22,18,16,14,0,2,0,0,0,1%,1%,1%,1%,2%,4%,5%,6%,7%,9%,11%,12%,11%,8%,7%,6%,3%,1%,1%,0%,0%,0%,0%,0%,0%,0%,0%,0%,0%,0%
2022. 4. 1,A0401 BF,B,31,7.87,4,0.16,0.2,24.2,0,0,Pass,Flush+In,0.00%,1560,298,792,768,268,26,4,0.191,2.655313,0.922972,1858,188,110,132,178,184,178,172,138,144,136,86,78,50,28,26,8,4,12,2,0,2,0,0,2,0,0,0,0,0,0,10%,6%,7%,10%,10%,10%,9%,7%,8%,7%,5%,4%,3%,2%,1%,0%,0%,1%,0%,0%,0%,0%,0%,0%,0%,0%,0%,0%,0%,0%
2022. 4. 1,A0401 C,C,30,7.79,4,0.2,0.2,16.5,0,0,Pass,Stag+In,0.00%,1868,632,1312,556,418,208,6,0.338,2.71855,0.910718,2500,540,276,196,168,132,122,112,102,136,84,80,96,94,90,58,52,40,46,46,24,6,0,0,0,0,0,0,0,0,0,22%,11%,8%,7%,5%,5%,4%,4%,5%,3%,3%,4%,4%,4%,2%,2%,2%,2%,2%,1%,0%,0%,0%,0%,0%,0%,0%,0%,0%,0%
2022. 4. 1,A0401 CF,C,29.9,7.82,4,0.27,0.3,12.5,0,0,Pass,Flush+In,0.00%,460,30,392,68,22,6,0,0.065,2.095421,0.822804,490,160,94,66,44,28,30,12,8,6,12,4,8,6,2,2,2,0,0,0,4,0,0,0,0,0,0,0,0,2,0,33%,19%,13%,9%,6%,6%,2%,2%,1%,2%,1%,2%,1%,0%,0%,0%,0%,0%,0%,1%,0%,0%,0%,0%,0%,0%,0%,0%,0%,0%
2022. 4. 4,B0404 B,B,19.7,7.21,4,0.02,0,11.6,40,0,Pass,Stagnant,1.13%,3408,134,2014,1394,126,6,2,0.039,2.321198,0.887452,3542,292,308,372,456,586,566,350,276,120,82,62,28,18,10,8,4,0,2,0,0,0,0,0,0,2,0,0,0,0,0,8%,9%,11%,13%,17%,16%,10%,8%,3%,2%,2%,1%,1%,0%,0%,0%,0%,0%,0%,0%,0%,0%,0%,0%,0%,0%,0%,0%,0%,0%
2022. 4. 4,B0404 BF,B,12.8,7.07,4,0.19,0.2,12.4,0,0,Pass,Flushed,0.00%,1068,100,762,306,92,8,0,0.094,2.373706,0.879864,1168,286,176,118,80,102,70,58,70,56,52,30,32,18,12,0,2,2,4,0,0,0,0,0,0,0,0,0,0,0,0,24%,15%,10%,7%,9%,6%,5%,6%,5%,4%,3%,3%,2%,1%,0%,0%,0%,0%,0%,0%,0%,0%,0%,0%,0%,0%,0%,0%,0%,0%
2022. 4. 4,B0404 C,C,23,7.15,4,0.03,0,11.1,0,0,Pass,Stagnant,0.00%,1828,444,964,864,420,24,0,0.243,2.641502,0.922589,2272,302,202,152,152,156,176,186,182,190,130,146,136,72,38,28,10,10,4,0,0,0,0,0,0,0,0,0,0,0,0,13%,9%,7%,7%,7%,8%,8%,8%,8%,6%,6%,6%,3%,2%,1%,0%,0%,0%,0%,0%,0%,0%,0%,0%,0%,0%,0%,0%,0%,0%
2022. 4. 4,B0404 CF,C,14,7.19,4,0.27,0.3,26,0,0,Pass,Flushed,0.00%,316,8,270,46,6,2,0,0.025,1.883653,0.777434,324,130,62,40,14,24,12,8,14,6,6,4,0,2,0,0,2,0,0,0,0,0,0,0,0,0,0,0,0,0,0,40%,19%,12%,4%,7%,4%,2%,4%,2%,2%,1%,0%,1%,0%,0%,1%,0%,0%,0%,0%,0%,0%,0%,0%,0%,0%,0%,0%,0%,0%
2022. 4. 4,A0404 B,B,29.1,7.86,4,0.02,0,40,115,1,Fail,Stag+In,0.49%,18110,5176,5520,12590,4584,538,44,0.286,2.675477,0.919866,23286,836,864,1004,1250,1566,2194,2942,2760,2618,2076,1388,1076,882,750,488,252,128,96,28,34,10,18,6,2,8,6,0,0,4,0,4%,4%,4%,5%,7%,9%,13%,12%,11%,9%,6%,5%,4%,3%,2%,1%,1%,0%,0%,0%,0%,0%,0%,0%,0%,0%,0%,0%,0%,0%
2022. 4. 4,A0404 BF,B,29.8,7.86,4,0.19,0.2,39.6,0,0,Pass,Flush+In,0.00%,2492,7424,1182,1310,6476,866,64,2.979,2.584633,0.897717,9916,418,290,206,150,118,164,156,208,292,490,806,1384,1736,1620,930,392,264,94,54,62,32,6,18,2,6,4,2,2,10,0,4%,3%,2%,2%,1%,2%,2%,2%,3%,5%,8%,14%,18%,16%,9%,4%,3%,1%,1%,1%,0%,0%,0%,0%,0%,0%,0%,0%,0%,0%
2022. 4. 4,A0404 C,C,30.2,7.75,4,0.03,0,46.9,0,0,Pass,Stag+In,0.00%,5954,14482,3092,2862,11124,3040,270,2.432,2.791235,0.920978,20436,622,660,604,592,614,614,530,510,530,678,1392,2602,2924,2548,1658,1448,736,432,286,138,128,52,42,22,26,14,10,12,12,0,3%,3%,3%,3%,3%,3%,3%,2%,3%,3%,7%,13%,14%,12%,8%,7%,4%,2%,1%,1%,1%,0%,0%,0%,0%,0%,0%,0%,0%,0%
2022. 4. 4,A0404 CF,C,29.9,7.75,4,0.27,0.3,10.5,0,0,Pass,Flush+In,0.00%,1490,208,1254,236,54,76,76,0.14,2.344343,0.863251,1698,420,318,244,164,108,74,54,54,22,32,14,14,16,8,2,10,6,10,16,34,70,6,0,0,0,0,0,0,2,0,25%,19%,14%,10%,6%,4%,3%,3%,1%,2%,1%,1%,1%,0%,0%,1%,0%,1%,1%,2%,4%,0%,0%,0%,0%,0%,0%,0%,0%,0%
2022. 4. 8,B0408 B,B,20.4,7.28,4,0.01,0,32.2,335,1,Fail,Stagnant,1.18%,17718,10640,10378,7340,9264,1368,6,0.601,2.77912,0.933081,28358,2514,2538,2128,1784,1414,1110,1048,1190,1658,2334,2798,2060,1550,1404,1452,870,320,94,50,34,4,2,0,0,0,0,0,0,2,0,9%,9%,8%,6%,5%,4%,4%,4%,6%,8%,10%,7%,5%,5%,5%,3%,1%,0%,0%,0%,0%,0%,0%,0%,0%,0%,0%,0%,0%,0%
2022. 4. 8,B0408 BF,B,12.9,7.44,4,0.18,0.2,11.6,10,0,Pass,Flushed,0.33%,2646,372,2120,526,342,28,2,0.141,2.275516,0.84618,3018,934,512,368,172,134,120,86,108,88,124,110,86,84,50,12,18,2,4,2,2,2,0,0,0,0,0,0,0,0,0,31%,17%,12%,6%,4%,4%,3%,4%,3%,4%,4%,3%,3%,2%,0%,1%,0%,0%,0%,0%,0%,0%,0%,0%,0%,0%,0%,0%,0%,0%
2022. 4. 8,B0408 C,C,23.5,7.35,4,0.02,0,21.1,0,0,Pass,Stagnant,0.00%,3078,1044,2418,660,976,66,0,0.339,2.456896,0.878782,4122,1076,630,350,204,158,128,138,122,138,134,234,322,228,126,66,32,20,6,4,4,0,0,0,0,0,0,0,0,2,0,26%,15%,8%,5%,4%,3%,3%,3%,3%,3%,6%,8%,6%,3%,2%,1%,0%,0%,0%,0%,0%,0%,0%,0%,0%,0%,0%,0%,0%,0%
2022. 4. 8,B0408 CF,C,13.2,7.3,4,0.28,0.3,23.9,0,0,Pass,Flushed,0.00%,2360,120,2170,190,106,10,2,0.051,1.80037,0.749324,2480,996,660,272,146,96,64,44,24,34,24,42,30,16,8,10,6,4,0,0,0,2,0,0,0,0,0,0,0,2,0,40%,27%,11%,6%,4%,3%,2%,1%,1%,1%,2%,1%,1%,0%,0%,0%,0%,0%,0%,0%,0%,0%,0%,0%,0%,0%,0%,0%,0%,0%
2022. 4. 8,A0408 B,B,30.1,7.76,4,0.01,0,57.4,210,1,Fail,Stag+In,0.61%,24230,10012,9428,14802,8428,1430,148,0.413,2.785493,0.930882,34242,2792,1632,1296,1598,2110,2608,2740,2756,3202,3496,3060,1884,1294,1142,1048,590,224,322,202,92,84,48,2,4,10,0,0,2,4,0,8%,5%,4%,5%,6%,8%,8%,8%,9%,10%,9%,6%,4%,3%,3%,2%,1%,1%,1%,0%,0%,0%,0%,0%,0%,0%,0%,0%,0%,0%
2022. 4. 8,A0408 BF,B,30.3,7.82,4,0.18,0.2,27.6,0,0,Pass,Flush+In,0.00%,1888,3540,1240,648,2942,542,42,1.875,2.707449,0.913184,5428,456,268,224,168,124,106,88,96,112,246,462,760,938,460,322,282,124,56,44,36,18,6,10,8,0,4,2,0,8,0,8%,5%,4%,3%,2%,2%,2%,2%,2%,5%,9%,14%,17%,8%,6%,5%,2%,1%,1%,1%,0%,0%,0%,0%,0%,0%,0%,0%,0%,0%
2022. 4. 8,A0408 C,C,29.4,7.72,4,0.02,0,79.3,0,0,Pass,Stag+In,0.00%,5898,22742,1456,4442,16240,5928,454,3.856,2.672645,0.913382,28640,518,346,220,196,176,178,268,520,1146,2330,3598,3444,3516,3042,2640,2488,1580,932,504,424,228,84,74,48,20,22,22,24,52,0,2%,1%,1%,1%,1%,1%,1%,2%,4%,8%,13%,12%,12%,11%,9%,9%,6%,3%,2%,1%,1%,0%,0%,0%,0%,0%,0%,0%,0%,0%
2022. 4. 8,A0408 CF,C,30.3,7.74,4,0.28,0.3,31.9,0,0,Pass,Flush+In,0.00%,1270,472,1006,264,272,134,62,0.372,2.713993,0.907213,1742,356,244,184,134,88,80,40,50,40,54,54,62,62,58,36,36,36,22,10,30,54,6,2,0,0,2,0,0,2,0,20%,14%,11%,8%,5%,5%,2%,3%,2%,3%,3%,4%,4%,3%,2%,2%,2%,1%,1%,2%,3%,0%,0%,0%,0%,0%,0%,0%,0%,0%
2022. 4. 12,B0412 A,A,18.2,7.55,4,0.08,0.1,28.3,0,0,Pass,Stagnant,0.00%,2492,366,1986,506,312,36,8,0.147,2.309413,0.847532,2858,870,538,262,196,120,94,92,104,108,108,110,114,46,16,26,4,8,8,12,4,8,0,0,0,0,2,0,2,6,0,30%,19%,9%,7%,4%,3%,3%,4%,4%,4%,4%,4%,2%,1%,1%,0%,0%,0%,0%,0%,0%,0%,0%,0%,0%,0%,0%,0%,0%,0%
2022. 4. 12,B0412 AF,A,16.8,7.37,4,0.16,0.2,25,0,0,Pass,Flushed,0.00%,2474,124,2064,410,108,12,2,0.05,2.033819,0.802226,2598,934,538,310,160,122,96,98,92,74,50,38,36,20,10,4,8,0,2,0,2,0,2,0,0,0,0,0,0,2,0,36%,21%,12%,6%,5%,4%,4%,4%,3%,2%,1%,1%,1%,0%,0%,0%,0%,0%,0%,0%,0%,0%,0%,0%,0%,0%,0%,0%,0%,0%
2022. 4. 12,B0412 B,B,21.4,7.15,4,0.01,0,11.4,12,0,Pass,Stagnant,0.24%,3438,1486,2056,1382,1442,28,6,0.432,2.632278,0.918921,4924,734,488,348,266,220,234,196,274,326,352,432,504,286,172,48,18,6,2,2,0,2,2,2,0,0,2,2,0,6,0,15%,10%,7%,5%,4%,5%,4%,6%,7%,7%,9%,10%,6%,3%,1%,0%,0%,0%,0%,0%,0%,0%,0%,0%,0%,0%,0%,0%,0%,0%
2022. 4. 12,B0412 BF,B,15.8,7.14,4,0.15,0.2,17.7,0,0,Pass,Flushed,0.00%,3098,592,2388,710,538,46,2,0.191,2.426091,0.87726,3690,950,574,394,268,202,192,118,154,134,112,126,158,130,100,24,34,12,0,0,0,0,2,0,0,0,2,0,0,4,0,26%,16%,11%,7%,5%,5%,3%,4%,4%,3%,3%,4%,4%,3%,1%,1%,0%,0%,0%,0%,0%,0%,0%,0%,0%,0%,0%,0%,0%,0%
2022. 4. 12,B0412 C,C,24.7,7.05,4,0,0,22.8,0,0,Pass,Stagnant,0.00%,3362,2214,2188,1174,1936,234,36,0.659,2.702248,0.916557,5576,922,518,342,242,164,118,164,196,296,400,540,650,398,224,124,86,48,30,30,40,24,0,6,4,2,0,0,4,4,0,17%,9%,6%,4%,3%,2%,3%,4%,5%,7%,10%,12%,7%,4%,2%,2%,1%,1%,1%,1%,0%,0%,0%,0%,0%,0%,0%,0%,0%,0%
2022. 4. 12,B0412 CF,C,19.5,7.01,4,0.26,0.3,23.8,0,0,Pass,Flushed,0.00%,2268,110,2066,202,102,4,0,0.049,1.826708,0.751827,2378,1004,526,264,160,112,72,54,34,16,26,28,26,28,10,10,2,0,2,0,0,0,0,0,0,0,0,2,2,0,0,42%,22%,11%,7%,5%,3%,2%,1%,1%,1%,1%,1%,1%,0%,0%,0%,0%,0%,0%,0%,0%,0%,0%,0%,0%,0%,0%,0%,0%,0%
2022. 4. 15,A0412 A,A,29.9,,4,0.08,0.1,53.9,0,0,Pass,Stag+In,0.00%,1290,624,684,606,528,82,6,0.484,2.801411,0.933543,1914,222,168,102,108,84,116,128,116,96,150,142,130,114,90,52,40,32,8,2,0,4,0,0,2,0,0,4,2,2,0,12%,9%,5%,6%,4%,6%,7%,6%,5%,8%,7%,7%,6%,5%,3%,2%,2%,0%,0%,0%,0%,0%,0%,0%,0%,0%,0%,0%,0%,0%
2022. 4. 15,A0412 AF,A,30.1,,4,0.16,0.2,48.6,0,0,Pass,Flush+In,0.00%,518,120,264,254,108,8,4,0.232,2.566111,0.912408,638,104,66,30,36,28,38,42,64,50,60,60,30,6,10,2,4,0,4,0,0,2,2,0,0,0,0,0,0,0,0,16%,10%,5%,6%,4%,6%,7%,10%,8%,9%,9%,5%,1%,2%,0%,1%,0%,1%,0%,0%,0%,0%,0%,0%,0%,0%,0%,0%,0%,0%
2022. 4. 15,A0412 B,B,30.1,,4,0.01,0,134.5,1392,1,Fail,Stag+In,7.85%,15988,1736,7824,8164,1658,62,8,0.109,2.514722,0.91103,17724,1328,1392,1406,1674,2024,2240,2008,1684,1256,976,846,446,206,108,52,24,22,6,6,4,2,2,4,0,0,0,0,2,6,0,7%,8%,8%,9%,11%,13%,11%,10%,7%,6%,5%,3%,1%,1%,0%,0%,0%,0%,0%,0%,0%,0%,0%,0%,0%,0%,0%,0%,0%,0%
2022. 4. 15,A0412 BF,B,30,,4,0.15,0.2,84.5,0,0,Pass,Flush+In,0.00%,1450,3246,542,908,2672,520,46,2.239,2.701027,0.915777,4696,214,140,84,58,46,88,86,144,246,344,396,564,698,558,456,232,164,66,34,24,22,8,12,4,0,0,2,0,6,0,5%,3%,2%,1%,1%,2%,2%,3%,5%,7%,8%,12%,15%,12%,10%,5%,3%,1%,1%,1%,0%,0%,0%,0%,0%,0%,0%,0%,0%,0%
2022. 4. 15,A0412 C,C,29.8,,4,0,0,96.2,795,1,Fail,Stag+In,3.01%,22118,4308,7604,14514,3898,356,42,0.195,2.589096,0.912897,26426,642,958,1444,1970,2590,3182,3338,3006,2736,2252,1498,958,702,454,286,184,80,46,22,24,8,12,8,6,8,4,0,2,6,0,2%,4%,5%,7%,10%,12%,13%,11%,10%,9%,6%,4%,3%,2%,1%,1%,0%,0%,0%,0%,0%,0%,0%,0%,0%,0%,0%,0%,0%,0%
2022. 4. 15,A0412 CF,C,30,,4,0.26,0.3,31.5,0,0,Pass,Flush+In,0.00%,436,42,326,110,32,8,0,0.096,2.329631,0.870468,478,122,76,56,44,28,20,42,16,26,6,16,6,6,2,2,4,2,2,0,0,0,0,0,0,0,0,0,0,2,0,26%,16%,12%,9%,6%,4%,9%,3%,5%,1%,3%,1%,1%,0%,0%,1%,0%,0%,0%,0%,0%,0%,0%,0%,0%,0%,0%,0%,0%,0%
2022. 4. 15,B0415 B,B,20.6,6.99,4,0.01,0,81.2,50,0,Pass,Stagnant,0.27%,16504,1730,10078,6426,1640,86,4,0.105,2.497049,0.907015,18234,1296,1772,2162,2532,2316,1810,1536,1210,1008,862,732,404,268,150,86,62,16,4,4,0,2,0,0,2,0,0,0,0,0,0,7%,10%,12%,14%,13%,10%,8%,7%,6%,5%,4%,2%,1%,1%,0%,0%,0%,0%,0%,0%,0%,0%,0%,0%,0%,0%,0%,0%,0%,0%
2022. 4. 15,B0415 BF,B,19.1,7.12,4,0.01,0,29.4,0,0,Pass,Flushed,0.00%,742,54,458,284,48,6,0,0.073,2.411467,0.892854,796,150,126,78,54,50,94,48,44,60,38,16,10,14,4,4,2,0,0,4,0,0,0,0,0,0,0,0,0,0,0,19%,16%,10%,7%,6%,12%,6%,6%,8%,5%,2%,1%,2%,1%,1%,0%,0%,0%,1%,0%,0%,0%,0%,0%,0%,0%,0%,0%,0%,0%
2022. 4. 15,B0415 C,C,24,7.1,4,0.01,0,110.5,0,0,Pass,Stagnant,0.00%,2002,212,1390,612,202,8,0,0.106,2.453274,0.899909,2214,338,312,266,270,204,190,120,142,88,72,92,44,34,22,10,2,2,4,0,0,0,0,0,0,0,0,0,0,2,0,15%,14%,12%,12%,9%,9%,5%,6%,4%,3%,4%,2%,2%,1%,0%,0%,0%,0%,0%,0%,0%,0%,0%,0%,0%,0%,0%,0%,0%,0%
2022. 4. 15,B0415 CF,C,16.1,7.1,4,0.25,0.3,26.6,0,0,Pass,Flushed,0.00%,550,14,474,76,10,4,0,0.025,1.933766,0.796468,564,204,114,78,38,40,24,18,20,8,6,2,6,2,0,0,2,2,0,0,0,0,0,0,0,0,0,0,0,0,0,36%,20%,14%,7%,7%,4%,3%,4%,1%,1%,0%,1%,0%,0%,0%,0%,0%,0%,0%,0%,0%,0%,0%,0%,0%,0%,0%,0%,0%,0%
2022. 4. 19,A0415 B,B,30.1,,4,0.01,0,138.4,1795,1,Fail,Stag+In,6.36%,27920,282,24392,3528,192,68,14,0.01,1.973508,0.835018,28202,6438,5870,4984,4278,2822,1676,1066,474,204,108,62,40,34,26,30,22,12,18,12,4,4,4,4,2,0,4,0,0,4,0,23%,21%,18%,15%,10%,6%,4%,2%,1%,0%,0%,0%,0%,0%,0%,0%,0%,0%,0%,0%,0%,0%,0%,0%,0%,0%,0%,0%,0%,0%
2022. 4. 19,A0415 BF,B,30.1,,4,0.01,0,226.1,9883,1,Fail,Flush+In,45.08%,21690,232,19670,2020,130,64,26,0.011,1.905577,0.821549,21922,4874,5176,4404,3224,1992,1042,558,224,120,76,38,20,38,22,12,12,26,8,14,4,0,10,4,4,8,4,0,4,4,0,22%,24%,20%,15%,9%,5%,3%,1%,1%,0%,0%,0%,0%,0%,0%,0%,0%,0%,0%,0%,0%,0%,0%,0%,0%,0%,0%,0%,0%,0%
2022. 4. 19,A0415 C,C,30,,4,0.01,0,64.9,2370,1,Fail,Stag+In,23.25%,9930,264,7222,2708,150,78,24,0.027,2.256251,0.878203,10194,1510,1588,1320,1482,1322,1128,820,396,214,150,58,40,16,16,20,28,16,18,12,4,6,8,6,0,4,2,10,0,0,0,15%,16%,13%,15%,13%,11%,8%,4%,2%,1%,1%,0%,0%,0%,0%,0%,0%,0%,0%,0%,0%,0%,0%,0%,0%,0%,0%,0%,0%,0%
2022. 4. 19,A0415 CF,C,29.8,,4,0.25,0.3,23.3,0,0,Pass,Flush+In,0.00%,178,4,144,34,4,0,0,0.022,2.065039,0.840022,182,52,38,24,12,18,10,6,6,4,8,2,2,0,0,0,0,0,0,0,0,0,0,0,0,0,0,0,0,0,0,29%,21%,13%,7%,10%,5%,3%,3%,2%,4%,1%,1%,0%,0%,0%,0%,0%,0%,0%,0%,0%,0%,0%,0%,0%,0%,0%,0%,0%,0%
2022. 4. 19,B0419 B,B,21.1,7.04,4,0.01,0,23.9,0,0,Pass,Stagnant,0.00%,2274,4,2056,218,4,0,0,0.002,1.837261,0.815441,2278,560,520,468,330,178,102,42,60,14,0,4,0,0,0,0,0,0,0,0,0,0,0,0,0,0,0,0,0,0,0,25%,23%,21%,14%,8%,4%,2%,3%,1%,0%,0%,0%,0%,0%,0%,0%,0%,0%,0%,0%,0%,0%,0%,0%,0%,0%,0%,0%,0%,0%
2022. 4. 19,B0419 BF,B,16.5,7.02,4,0.14,0.1,31.2,0,0,Pass,Flushed,0.00%,454,6,398,56,2,2,0,0.013,1.86912,0.803865,460,140,116,74,40,28,22,18,10,0,6,2,0,0,0,0,0,0,2,0,0,0,0,0,0,0,0,0,2,0,0,30%,25%,16%,9%,6%,5%,4%,2%,0%,1%,0%,0%,0%,0%,0%,0%,0%,0%,0%,0%,0%,0%,0%,0%,0%,0%,0%,0%,0%,0%
2022. 4. 19,B0419 C,C,24.1,7,4,0.01,0,23.3,0,0,Pass,Stagnant,0.00%,1442,6,1210,232,4,0,2,0.004,1.99522,0.84147,1448,342,288,250,186,144,94,70,40,22,6,2,0,2,0,0,0,0,0,0,0,0,0,2,0,0,0,0,0,0,0,24%,20%,17%,13%,10%,6%,5%,3%,2%,0%,0%,0%,0%,0%,0%,0%,0%,0%,0%,0%,0%,0%,0%,0%,0%,0%,0%,0%,0%,0%
2022. 4. 19,B0419 CF,C,16.3,6.99,4,0.29,0.3,39.2,0,0,Pass,Flushed,0.00%,464,8,436,28,6,0,0,0.017,1.479953,0.656195,472,252,104,36,26,18,14,6,0,6,2,0,2,2,2,0,0,0,0,0,0,0,0,0,0,0,0,0,0,2,0,53%,22%,8%,6%,4%,3%,1%,0%,1%,0%,0%,0%,0%,0%,0%,0%,0%,0%,0%,0%,0%,0%,0%,0%,0%,0%,0%,0%,0%,0%
2022. 4. 22,A0419 B,B,,,4,0.01,0,202.3,1347.5,1,Fail,Stag+In,3.81%,23742,11630,6126,17616,9942,1586,96,0.49,2.723898,0.923177,35372,758,900,1218,1424,1826,2202,3034,3774,4398,4208,3146,1994,1896,1646,1260,748,402,258,132,46,34,32,8,12,10,0,2,4,0,0,2%,3%,3%,4%,5%,6%,9%,11%,12%,12%,9%,6%,5%,5%,4%,2%,1%,1%,0%,0%,0%,0%,0%,0%,0%,0%,0%,0%,0%,0%
2022. 4. 22,A0419 BF,B,,,4,0.14,0.1,83.6,0,0,Pass,Flush+In,0.00%,1046,172,720,326,144,28,0,0.164,2.558452,0.902534,1218,230,178,134,104,74,90,74,62,52,48,36,28,30,28,22,10,4,4,6,4,0,0,0,0,0,0,0,0,0,0,19%,15%,11%,9%,6%,7%,6%,5%,4%,4%,3%,2%,2%,2%,2%,1%,0%,0%,0%,0%,0%,0%,0%,0%,0%,0%,0%,0%,0%,0%
2022. 4. 22,A0419 C,C,,,4,0.01,0,46.7,472.5,1,Fail,Stag+In,2.31%,12876,7602,5080,7796,6166,1272,160,0.59,2.861834,0.937307,20478,832,884,1002,1134,1228,1446,1626,1602,1544,1578,1588,1644,1448,878,608,450,296,200,150,176,128,26,4,0,2,2,2,0,0,0,4%,4%,5%,6%,6%,7%,8%,8%,8%,8%,8%,8%,7%,4%,3%,2%,1%,1%,1%,1%,1%,0%,0%,0%,0%,0%,0%,0%,0%,0%
2022. 4. 22,A0419 CF,C,,,4,0.29,0.3,12.8,0,0,Pass,Flush+In,0.00%,524,20,396,128,20,0,0,0.038,2.126746,0.835906,544,178,88,44,44,42,40,34,20,12,22,12,2,4,0,2,0,0,0,0,0,0,0,0,0,0,0,0,0,0,0,33%,16%,8%,8%,8%,7%,6%,4%,2%,4%,2%,0%,1%,0%,0%,0%,0%,0%,0%,0%,0%,0%,0%,0%,0%,0%,0%,0%,0%,0%
2022. 4. 22,B0422 B,B,,,4,0.01,0,56.2,207.5,1,Fail,Stagnant,0.84%,21192,3530,9960,11232,3466,64,0,0.167,2.553695,0.913791,24722,1472,1854,1934,2176,2524,3036,3330,2394,1410,1062,1056,984,916,420,90,30,24,8,2,0,0,0,0,0,0,0,0,0,0,0,6%,7%,8%,9%,10%,12%,13%,10%,6%,4%,4%,4%,4%,2%,0%,0%,0%,0%,0%,0%,0%,0%,0%,0%,0%,0%,0%,0%,0%,0%
2022. 4. 22,B0422 BF,B,,,4,0.17,0.2,20.3,0,0,Pass,Flushed,0.00%,1104,46,828,276,38,4,2,0.042,2.267282,0.878495,1150,210,168,134,164,152,100,92,32,20,32,16,14,6,2,0,0,2,0,2,0,0,2,0,0,0,0,2,0,0,0,18%,15%,12%,14%,13%,9%,8%,3%,2%,3%,1%,1%,1%,0%,0%,0%,0%,0%,0%,0%,0%,0%,0%,0%,0%,0%,0%,0%,0%,0%
2022. 4. 22,B0422 park 1,C,,,4,0.01,0,46,10,0,Pass,Stagnant,0.07%,12526,2482,6288,6238,2304,176,0,0.198,2.635839,0.921381,15008,1016,1016,1146,1534,1576,1606,1486,1152,1100,894,782,712,418,242,150,78,48,22,16,12,0,0,0,0,0,0,0,0,2,0,7%,7%,8%,10%,11%,11%,10%,8%,7%,6%,5%,5%,3%,2%,1%,1%,0%,0%,0%,0%,0%,0%,0%,0%,0%,0%,0%,0%,0%,0%
2022. 4. 22,B0422 park 2F,C,,,4,0.31,0.3,24.6,0,0,Pass,Flushed,0.00%,1222,50,1020,202,42,8,0,0.041,2.088372,0.829625,1272,378,282,148,116,96,64,40,44,28,26,22,8,6,6,0,4,2,0,2,0,0,0,0,0,0,0,0,0,0,0,30%,22%,12%,9%,8%,5%,3%,3%,2%,2%,2%,1%,0%,0%,0%,0%,0%,0%,0%,0%,0%,0%,0%,0%,0%,0%,0%,0%,0%,0%
2022. 4. 22,B0422 Huy 1,F,,,4,0.01,0,25.4,0,0,Pass,Stagnant,0.00%,572,24,460,112,22,0,0,0.042,2.149622,0.848728,596,158,120,72,56,54,48,28,14,12,10,6,2,4,6,4,0,0,0,0,0,0,0,0,0,0,0,0,0,2,0,27%,20%,12%,9%,9%,8%,5%,2%,2%,2%,1%,0%,1%,1%,1%,0%,0%,0%,0%,0%,0%,0%,0%,0%,0%,0%,0%,0%,0%,0%
2022. 4. 22,B0422 Huy 2F,F,,,4,0.24,0.2,61.6,0,0,Pass,Flushed,0.00%,398,10,352,46,0,8,2,0.025,1.938263,0.817989,408,124,78,74,46,30,16,18,6,6,0,0,0,0,0,0,4,2,2,0,0,0,0,2,0,0,0,0,0,0,0,30%,19%,18%,11%,7%,4%,4%,1%,1%,0%,0%,0%,0%,0%,0%,1%,0%,0%,0%,0%,0%,0%,0%,0%,0%,0%,0%,0%,0%,0%
2022. 4. 22,B0422 Yoon 1,D,,,4,0.05,0.1,12.2,0,0,Pass,Stagnant,0.00%,1092,72,812,280,60,8,2,0.066,2.340078,0.885741,1164,154,188,162,144,164,118,68,38,32,24,32,10,10,8,0,2,0,2,2,2,2,0,0,0,0,0,2,0,0,0,13%,16%,14%,12%,14%,10%,6%,3%,3%,2%,3%,1%,1%,1%,0%,0%,0%,0%,0%,0%,0%,0%,0%,0%,0%,0%,0%,0%,0%,0%
2022. 4. 22,B0422 Yoon 2F,D,,,4,0.32,0.3,21.9,0,0,Pass,Flushed,0.00%,750,72,592,158,62,6,0,0.096,2.278859,0.847237,822,262,118,86,62,64,42,28,28,28,32,12,18,14,12,6,2,2,0,0,2,0,0,0,0,0,0,0,0,4,0,32%,14%,10%,8%,8%,5%,3%,3%,3%,4%,1%,2%,2%,1%,1%,0%,0%,0%,0%,0%,0%,0%,0%,0%,0%,0%,0%,0%,0%,0%
2022. 4. 22,B0422 Tien 1,G,,,4,0.01,0,67.2,25,0,Pass,Stagnant,0.56%,4050,420,2314,1736,402,16,0,0.104,2.515177,0.910537,4470,408,408,414,506,578,490,418,324,296,208,174,96,70,38,24,6,6,4,0,0,0,0,0,0,0,0,0,0,2,0,9%,9%,9%,11%,13%,11%,9%,7%,7%,5%,4%,2%,2%,1%,1%,0%,0%,0%,0%,0%,0%,0%,0%,0%,0%,0%,0%,0%,0%,0%
2022. 4. 22,B0422 Tien 2F,G,,,4,0.27,0.3,20.2,0,0,Pass,Flushed,0.00%,1010,68,714,296,64,2,2,0.067,2.342369,0.883896,1078,226,168,120,106,94,102,68,46,54,26,32,14,6,10,2,0,0,0,2,0,2,0,0,0,0,0,0,0,0,0,21%,16%,11%,10%,9%,9%,6%,4%,5%,2%,3%,1%,1%,1%,0%,0%,0%,0%,0%,0%,0%,0%,0%,0%,0%,0%,0%,0%,0%,0%
2022. 4. 26,B0426 B,B,,,4,0.01,0,34.4,567.5,1,Fail,Stagnant,1.99%,25456,3120,11500,13956,3040,78,2,0.123,2.4691,0.901652,28576,1334,1738,2160,2880,3388,3952,4696,2688,1634,986,926,954,854,232,74,44,20,8,4,2,0,0,2,0,0,0,0,0,0,0,5%,6%,8%,10%,12%,14%,16%,9%,6%,3%,3%,3%,3%,1%,0%,0%,0%,0%,0%,0%,0%,0%,0%,0%,0%,0%,0%,0%,0%,0%
2022. 4. 26,B0426 BF,B,,,4,0.16,0.2,12.5,0,0,Pass,Flushed,0.00%,2514,478,1774,740,442,34,2,0.19,2.51646,0.897737,2992,618,444,266,292,154,168,188,152,124,108,92,138,104,76,32,20,10,0,4,0,0,0,2,0,0,0,0,0,0,0,21%,15%,9%,10%,5%,6%,6%,5%,4%,4%,3%,5%,3%,3%,1%,1%,0%,0%,0%,0%,0%,0%,0%,0%,0%,0%,0%,0%,0%,0%
2022. 4. 26,B0426 C Park 1,C,,,4,0,0,55,17.5,0,Pass,Stagnant,0.12%,14022,708,9640,4382,658,42,4,0.05,2.342136,0.889079,14730,1716,1746,1944,2118,2116,1750,1208,580,472,372,278,168,108,82,22,16,18,2,4,2,0,4,0,0,0,0,4,0,0,0,12%,12%,13%,14%,14%,12%,8%,4%,3%,3%,2%,1%,1%,1%,0%,0%,0%,0%,0%,0%,0%,0%,0%,0%,0%,0%,0%,0%,0%,0%
2022. 4. 26,B0426 C Park 2F,C,,,4,0.27,0.3,18.8,0,0,Pass,Flushed,0.00%,1248,52,1012,236,46,6,0,0.042,2.113205,0.836606,1300,380,266,160,100,106,96,50,36,34,20,18,16,6,6,0,2,2,0,2,0,0,0,0,0,0,0,0,0,0,0,29%,20%,12%,8%,8%,7%,4%,3%,3%,2%,1%,1%,0%,0%,0%,0%,0%,0%,0%,0%,0%,0%,0%,0%,0%,0%,0%,0%,0%,0%
2022. 4. 26,B0426 Yoon 1,D,,,4,0,0,15.5,0,0,Pass,Stagnant,0.00%,1400,220,998,402,216,4,0,0.157,2.450791,0.893324,1620,340,242,170,130,116,120,80,70,64,68,98,48,26,24,20,2,0,2,0,0,0,0,0,0,0,0,0,0,0,0,21%,15%,10%,8%,7%,7%,5%,4%,4%,4%,6%,3%,2%,1%,1%,0%,0%,0%,0%,0%,0%,0%,0%,0%,0%,0%,0%,0%,0%,0%
2022. 4. 26,B0426 Yoon 2F,D,,,4,0.28,0.3,32.5,0,0,Pass,Flushed,0.00%,624,32,520,104,30,0,2,0.051,2.059528,0.818525,656,216,142,66,50,46,36,22,22,14,10,8,8,12,0,2,0,0,0,0,0,0,2,0,0,0,0,0,0,0,0,33%,22%,10%,8%,7%,5%,3%,3%,2%,2%,1%,1%,2%,0%,0%,0%,0%,0%,0%,0%,0%,0%,0%,0%,0%,0%,0%,0%,0%,0%
2022. 4. 26,B0426 Tien 1,G,,,4,0,0,35.5,0,0,Pass,Stagnant,0.00%,1254,138,976,278,112,22,2,0.11,2.375323,0.873038,1392,338,248,156,122,112,72,66,58,44,38,32,38,26,12,4,6,2,6,6,2,0,2,0,0,0,0,0,0,2,0,24%,18%,11%,9%,8%,5%,5%,4%,3%,3%,2%,3%,2%,1%,0%,0%,0%,0%,0%,0%,0%,0%,0%,0%,0%,0%,0%,0%,0%,0%
2022. 4. 26,B0426 Tien 2F,G,,,4,0.2,0.2,27.8,0,0,Pass,Flushed,0.00%,1332,124,1038,294,122,2,0,0.093,2.289162,0.864892,1456,376,256,162,150,94,100,60,44,48,42,30,40,28,14,10,2,0,0,0,0,0,0,0,0,0,0,0,0,0,0,26%,18%,11%,10%,6%,7%,4%,3%,3%,3%,2%,3%,2%,1%,1%,0%,0%,0%,0%,0%,0%,0%,0%,0%,0%,0%,0%,0%,0%,0%
2022. 4. 26,B0426 Kim 1,E,,,4,0,0,45.2,0,0,Pass,Stagnant,0.00%,1270,44,1068,202,40,2,0,0.035,2.072724,0.830839,1314,396,244,198,134,96,64,64,28,20,26,12,10,8,8,2,0,2,0,0,0,0,0,0,0,0,2,0,0,0,0,30%,19%,15%,10%,7%,5%,5%,2%,2%,2%,1%,1%,1%,1%,0%,0%,0%,0%,0%,0%,0%,0%,0%,0%,0%,0%,0%,0%,0%,0%
2022. 4. 26,B0426 Kim 2F,E,,,4,0.16,0.2,24,0,0,Pass,Flushed,0.00%,1770,46,1418,352,38,6,2,0.026,2.118841,0.844842,1816,498,316,292,178,134,120,94,58,48,32,20,8,6,4,0,2,2,0,2,0,0,2,0,0,0,0,0,0,0,0,27%,17%,16%,10%,7%,7%,5%,3%,3%,2%,1%,0%,0%,0%,0%,0%,0%,0%,0%,0%,0%,0%,0%,0%,0%,0%,0%,0%,0%,0%
2022. 4. 26,B0426 Lee 1,H,,,4,0.04,0,17.6,87.5,0,Pass,Stagnant,6.63%,1212,108,898,314,100,6,2,0.089,2.36876,0.885046,1320,256,208,186,138,110,108,82,64,38,22,18,34,26,18,4,2,2,0,2,0,0,2,0,0,0,0,0,0,0,0,19%,16%,14%,10%,8%,8%,6%,5%,3%,2%,1%,3%,2%,1%,0%,0%,0%,0%,0%,0%,0%,0%,0%,0%,0%,0%,0%,0%,0%,0%
2022. 4. 26,B0426 Lee 2F,H,,,4,0.44,0.4,21.3,0,0,Pass,Flushed,0.00%,614,32,524,90,28,4,0,0.052,2.071668,0.826649,646,204,124,84,68,44,28,20,26,12,4,8,12,4,4,0,2,2,0,0,0,0,0,0,0,0,0,0,0,0,0,32%,19%,13%,11%,7%,4%,3%,4%,2%,1%,1%,2%,1%,1%,0%,0%,0%,0%,0%,0%,0%,0%,0%,0%,0%,0%,0%,0%,0%,0%
2022. 4. 29,B0429 B,B,,,4,0.01,0,21.3,775,1,Fail,Stagnant,4.17%,13796,4806,6884,6912,4682,118,2,0.348,2.671754,0.928143,18602,1550,1412,1278,1348,1296,1190,1730,1614,1232,1146,1136,1080,1498,894,74,52,48,10,8,0,0,0,2,0,0,2,0,2,0,0,8%,8%,7%,7%,7%,6%,9%,9%,7%,6%,6%,6%,8%,5%,0%,0%,0%,0%,0%,0%,0%,0%,0%,0%,0%,0%,0%,0%,0%,0%
2022. 4. 29,B0429 BF,B,,,4,0.15,0.2,10.5,0,0,Pass,Flushed,0.00%,856,120,562,294,106,12,2,0.14,2.539018,0.904893,976,182,100,112,84,84,62,90,60,30,52,26,30,24,16,10,4,2,2,4,0,2,0,0,0,0,0,0,0,0,0,19%,10%,11%,9%,9%,6%,9%,6%,3%,5%,3%,3%,2%,2%,1%,0%,0%,0%,0%,0%,0%,0%,0%,0%,0%,0%,0%,0%,0%,0%
2022. 4. 29,B0429 cPark,C,,,4,0.02,0,35.7,0,0,Pass,Stagnant,0.00%,10490,1150,6364,4126,1088,62,0,0.11,2.493028,0.908013,11640,1164,1250,1162,1314,1474,1382,920,644,624,556,576,290,116,76,30,20,30,4,6,2,0,0,0,0,0,0,0,0,0,0,10%,11%,10%,11%,13%,12%,8%,6%,5%,5%,5%,2%,1%,1%,0%,0%,0%,0%,0%,0%,0%,0%,0%,0%,0%,0%,0%,0%,0%,0%
2022. 4. 29,B0429 cPark F,C,,,4,0.31,0.3,10.1,0,0,Pass,Flushed,0.00%,572,28,482,90,24,4,0,0.049,2.101202,0.834168,600,188,100,56,74,64,28,26,18,10,8,8,8,8,0,0,2,0,0,0,2,0,0,0,0,0,0,0,0,0,0,31%,17%,9%,12%,11%,5%,4%,3%,2%,1%,1%,1%,1%,0%,0%,0%,0%,0%,0%,0%,0%,0%,0%,0%,0%,0%,0%,0%,0%,0%
2022. 4. 29,B0429 Yoon,D,,,4,0.01,0,12.5,15,0,Pass,Stagnant,0.74%,1856,172,1236,620,166,6,0,0.093,2.447253,0.900726,2028,328,282,202,214,210,194,130,108,98,90,74,38,36,12,6,2,0,2,2,0,0,0,0,0,0,0,0,0,0,0,16%,14%,10%,11%,10%,10%,6%,5%,5%,4%,4%,2%,2%,1%,0%,0%,0%,0%,0%,0%,0%,0%,0%,0%,0%,0%,0%,0%,0%,0%
2022. 4. 29,B0429 Yoon F,D,,,4,0.28,0.3,12.3,0,0,Pass,Flushed,0.00%,616,30,502,114,22,4,0,0.049,2.105077,0.83047,646,204,122,80,60,36,40,14,18,32,10,14,4,4,0,0,0,2,0,2,0,0,0,0,0,0,0,0,2,2,0,32%,19%,12%,9%,6%,6%,2%,3%,5%,2%,2%,1%,1%,0%,0%,0%,0%,0%,0%,0%,0%,0%,0%,0%,0%,0%,0%,0%,0%,0%
2022. 4. 29,B0429 Tien,G,,,4,0.02,0,6.2,0,0,Pass,Stagnant,0.00%,1428,146,1040,388,124,16,2,0.102,2.447457,0.895315,1574,230,246,230,174,160,122,84,86,46,50,54,32,20,12,6,8,4,2,2,0,0,2,0,0,0,0,0,2,2,0,15%,16%,15%,11%,10%,8%,5%,5%,3%,3%,3%,2%,1%,1%,0%,1%,0%,0%,0%,0%,0%,0%,0%,0%,0%,0%,0%,0%,0%,0%
2022. 4. 29,B0429 Tien F,G,,,4,0.26,0.3,16.9,0,0,Pass,Flushed,0.00%,802,38,678,124,34,4,0,0.047,2.107707,0.841739,840,226,166,128,88,70,54,30,12,14,14,16,6,2,6,4,0,4,0,0,0,0,0,0,0,0,0,0,0,0,0,27%,20%,15%,10%,8%,6%,4%,1%,2%,2%,2%,1%,0%,1%,0%,0%,0%,0%,0%,0%,0%,0%,0%,0%,0%,0%,0%,0%,0%,0%
2022. 4. 29,B0429 Huyen ,F,,,4,0.03,0,8.2,17,0,Pass,Stagnant,1.20%,1364,52,1170,194,38,10,2,0.038,2.063013,0.823322,1416,448,272,190,154,106,68,50,32,32,12,12,8,8,6,4,4,2,2,0,2,0,2,0,0,0,0,0,2,0,0,32%,19%,13%,11%,7%,5%,4%,2%,2%,1%,1%,1%,1%,0%,0%,0%,0%,0%,0%,0%,0%,0%,0%,0%,0%,0%,0%,0%,0%,0%
2022. 4. 29,B0429 Huyen F,F,,,4,0.25,0.3,10.8,0,0,Pass,Flushed,0.00%,1068,62,858,210,56,6,0,0.058,2.183942,0.847752,1130,322,204,146,112,74,64,42,46,30,28,20,24,4,8,0,2,0,0,2,2,0,0,0,0,0,0,0,0,0,0,28%,18%,13%,10%,7%,6%,4%,4%,3%,2%,2%,2%,0%,1%,0%,0%,0%,0%,0%,0%,0%,0%,0%,0%,0%,0%,0%,0%,0%,0%
2022. 4. 29,B0429 Lee,H,,,4,0.03,0,11.2,0,0,Pass,Stagnant,0.00%,1636,116,1304,332,112,4,0,0.071,2.261138,0.862158,1752,448,306,232,172,146,80,72,70,60,50,30,32,26,18,6,0,0,0,2,2,0,0,0,0,0,0,0,0,0,0,26%,17%,13%,10%,8%,5%,4%,4%,3%,3%,2%,2%,1%,1%,0%,0%,0%,0%,0%,0%,0%,0%,0%,0%,0%,0%,0%,0%,0%,0%
2022. 4. 29,B0429 Lee F,H,,,4,0.44,0.4,5.7,0,0,Pass,Flushed,0.00%,578,34,486,92,32,2,0,0.059,2.100943,0.831189,612,178,138,80,30,60,24,22,22,10,14,8,8,10,6,0,2,0,0,0,0,0,0,0,0,0,0,0,0,0,0,29%,23%,13%,5%,10%,4%,4%,4%,2%,2%,1%,1%,2%,1%,0%,0%,0%,0%,0%,0%,0%,0%,0%,0%,0%,0%,0%,0%,0%,0%
2022. 5.3,A0429 B,B,,,4,0,0,98.5,618,1,Fail,Stag+In,2.78%,15422,6794,5354,10068,5880,908,6,0.441,2.731377,0.928363,22216,574,738,854,1370,1818,1912,2058,2132,2098,1868,1832,1490,1106,884,568,548,224,94,34,8,2,2,0,2,0,0,0,0,0,0,3%,3%,4%,6%,8%,9%,9%,10%,9%,8%,8%,7%,5%,4%,3%,2%,1%,0%,0%,0%,0%,0%,0%,0%,0%,0%,0%,0%,0%,0%
2022. 5.3,A0429 C,C,,,4,0,0,72.3,38,0,Pass,Stag+In,0.23%,14354,2510,6846,7508,2130,320,44,0.175,2.621533,0.914869,16864,582,928,1346,1828,2162,1994,1848,1460,1298,908,770,558,378,248,176,124,64,70,24,38,18,14,6,2,4,6,2,4,4,0,3%,6%,8%,11%,13%,12%,11%,9%,8%,5%,5%,3%,2%,1%,1%,1%,0%,0%,0%,0%,0%,0%,0%,0%,0%,0%,0%,0%,0%,0%
2022. 5.3,A0429 Yoon,D,,,4,0,0,66.5,25,0,Pass,Stag+In,0.18%,12324,1552,4156,8168,1482,58,6,0.126,2.475856,0.901543,13876,458,534,666,1040,1458,1938,2014,1882,1370,964,666,390,202,138,86,16,18,12,10,2,0,2,4,0,0,2,0,0,4,0,3%,4%,5%,7%,11%,14%,15%,14%,10%,7%,5%,3%,1%,1%,1%,0%,0%,0%,0%,0%,0%,0%,0%,0%,0%,0%,0%,0%,0%,0%
2022. 5.3,A0429 Tien,G,,,4,0,0,83.1,0,0,Pass,Stag+In,0.00%,7908,1340,4100,3808,1036,228,70,0.169,2.684397,0.92135,9248,622,864,842,886,886,900,894,910,640,464,320,266,180,182,88,84,54,38,24,28,28,16,14,8,4,2,0,4,0,0,7%,9%,9%,10%,10%,10%,10%,10%,7%,5%,3%,3%,2%,2%,1%,1%,1%,0%,0%,0%,0%,0%,0%,0%,0%,0%,0%,0%,0%,0%
2022. 5.3,A0429 Huyen,F,,,4,0,0,196.3,11526,1,Fail,Stag+In,26.81%,33560,9438,7746,25814,8548,884,6,0.281,2.527317,0.900454,42998,436,582,1198,2412,3118,4502,6852,7684,4328,2448,2132,1374,1722,2108,1212,374,340,160,8,2,0,6,0,0,0,0,0,0,0,0,1%,1%,3%,6%,7%,10%,16%,18%,10%,6%,5%,3%,4%,5%,3%,1%,1%,0%,0%,0%,0%,0%,0%,0%,0%,0%,0%,0%,0%,0%
2022. 5.3,A0429 Lee,H,,,4,0,0,219.5,955,1,Fail,Stag+In,2.29%,26118,15652,6616,19502,13968,1356,230,0.599,2.664785,0.916852,41770,576,570,696,1586,3188,3826,3374,3418,4012,4872,5572,3714,2280,1584,818,592,308,202,154,100,62,58,48,36,26,34,14,14,36,0,1%,1%,2%,4%,8%,9%,8%,8%,10%,12%,13%,9%,5%,4%,2%,1%,1%,0%,0%,0%,0%,0%,0%,0%,0%,0%,0%,0%,0%,0%
2022. 5.3,B0503 B,B,,,5,0.01,0,43.2,690,1,Fail,Stagnant,2.33%,18686,10928,6742,11944,10678,248,0,0.585,2.669455,0.925461,29614,1088,1258,1376,1356,1664,2074,2286,2682,2810,2092,2066,2076,2902,3142,492,126,80,26,12,4,0,0,0,0,0,0,0,0,2,0,4%,4%,5%,5%,6%,7%,8%,9%,9%,7%,7%,7%,10%,11%,2%,0%,0%,0%,0%,0%,0%,0%,0%,0%,0%,0%,0%,0%,0%,0%
2022. 5.3,B0503 BF,B,,,5,0.16,0.2,20.8,0,0,Pass,Flushed,0.00%,1322,318,856,466,294,22,2,0.241,2.63138,0.91682,1640,236,228,158,116,118,128,110,72,66,90,68,60,66,76,24,6,6,8,0,2,0,0,0,2,0,0,0,0,0,0,14%,14%,10%,7%,7%,8%,7%,4%,4%,5%,4%,4%,4%,5%,1%,0%,0%,0%,0%,0%,0%,0%,0%,0%,0%,0%,0%,0%,0%,0%
2022. 5.3,B0503 B2 tap,B,,,5,0,0,48.1,60,0,Pass,Stagnant,0.15%,33300,7614,13040,20260,7458,154,2,0.229,2.585758,0.917521,40914,1464,1600,2390,3232,4354,4692,4264,3920,3914,3470,2942,2016,1374,798,328,80,56,10,8,0,2,0,0,0,0,0,0,0,0,0,4%,4%,6%,8%,11%,11%,10%,10%,10%,8%,7%,5%,3%,2%,1%,0%,0%,0%,0%,0%,0%,0%,0%,0%,0%,0%,0%,0%,0%,0%
2022. 5.3,B0503 B2 tap F,B,,,5,0,0,22.9,58,0,Pass,Flushed,0.39%,11274,3714,5484,5790,3526,188,0,0.329,2.706284,0.930097,14988,832,1016,1184,1200,1252,1304,1254,1108,1064,1060,998,902,808,468,350,146,38,0,2,2,0,0,0,0,0,0,0,0,0,0,6%,7%,8%,8%,8%,9%,8%,7%,7%,7%,7%,6%,5%,3%,2%,1%,0%,0%,0%,0%,0%,0%,0%,0%,0%,0%,0%,0%,0%,0%
2022. 5.3,B0503 Park,C,,,5,0,0,163.7,363,1,Fail,Stagnant,0.77%,34738,12254,13268,21470,10486,1740,22,0.353,2.739795,0.927768,46992,1548,1944,2358,3382,4036,4710,4770,4764,3942,3284,3162,2524,2456,1520,824,540,446,390,308,56,4,8,6,2,2,0,4,0,2,0,3%,4%,5%,7%,9%,10%,10%,10%,8%,7%,7%,5%,5%,3%,2%,1%,1%,1%,1%,0%,0%,0%,0%,0%,0%,0%,0%,0%,0%,0%
2022. 5.3,B0503 Park F,C,,,5,0.25,0.3,8.7,0,0,Pass,Flushed,0.00%,466,86,316,150,78,8,0,0.185,2.515825,0.895973,552,122,82,28,48,36,26,34,40,32,18,12,26,14,18,8,0,2,2,2,2,0,0,0,0,0,0,0,0,0,0,22%,15%,5%,9%,7%,5%,6%,7%,6%,3%,2%,5%,3%,3%,1%,0%,0%,0%,0%,0%,0%,0%,0%,0%,0%,0%,0%,0%,0%,0%
2022. 5.3,B0503 Tien,G,,,5,0.01,0,10.4,0,0,Pass,Stagnant,0.00%,1808,320,1172,636,286,34,0,0.177,2.59199,0.912852,2128,338,278,196,180,180,146,116,118,138,118,76,92,62,36,20,10,16,6,0,2,0,0,0,0,0,0,0,0,0,0,16%,13%,9%,8%,8%,7%,5%,6%,6%,6%,4%,4%,3%,2%,1%,0%,1%,0%,0%,0%,0%,0%,0%,0%,0%,0%,0%,0%,0%,0%
2022. 5.3,B0503 Tien F,G,,,5,0.3,0.3,17.6,0,0,Pass,Flushed,0.00%,996,104,568,428,104,0,0,0.104,2.473745,0.907675,1100,140,104,86,112,126,136,122,64,58,48,48,24,16,14,2,0,0,0,0,0,0,0,0,0,0,0,0,0,0,0,13%,9%,8%,10%,11%,12%,11%,6%,5%,4%,4%,2%,1%,1%,0%,0%,0%,0%,0%,0%,0%,0%,0%,0%,0%,0%,0%,0%,0%,0%
2022. 5.3,B0503 Huyen,F,,,5,0,0,20.2,0,0,Pass,Stagnant,0.00%,1152,44,948,204,32,8,2,0.038,2.057186,0.820744,1196,384,242,160,102,60,86,46,34,24,14,10,12,0,6,4,0,4,2,2,0,0,0,0,0,2,0,0,0,2,0,32%,20%,13%,9%,5%,7%,4%,3%,2%,1%,1%,1%,0%,1%,0%,0%,0%,0%,0%,0%,0%,0%,0%,0%,0%,0%,0%,0%,0%,0%
2022. 5.3,B0503 Huyen F,F,,,5,0.22,0.2,15.8,0,0,Pass,Flushed,0.00%,346,10,306,40,8,0,2,0.029,1.90132,0.792024,356,122,90,38,40,16,10,8,8,8,6,4,2,0,2,0,0,0,0,0,0,2,0,0,0,0,0,0,0,0,0,34%,25%,11%,11%,4%,3%,2%,2%,2%,2%,1%,1%,0%,1%,0%,0%,0%,0%,0%,0%,1%,0%,0%,0%,0%,0%,0%,0%,0%,0%
2022. 5.3,B0503 Museum,H,,,5,0.2,0.2,11.4,0,0,Pass,Flushed,0.00%,234,18,198,36,16,0,0,0.077,1.87773,0.758869,252,110,48,8,18,14,16,8,8,0,4,10,0,2,2,2,0,0,0,0,0,0,0,0,0,0,0,0,0,2,0,44%,19%,3%,7%,6%,6%,3%,3%,0%,2%,4%,0%,1%,1%,1%,0%,0%,0%,0%,0%,0%,0%,0%,0%,0%,0%,0%,0%,1%,0%
2022. 5.6,A0503 B,B,,,5,0,0,73.7,7861,1,Fail,Stag+In,22.61%,28338,6434,14130,14208,5724,674,26,0.227,2.668311,0.922972,34772,2024,2352,2582,3122,4050,3850,2910,2462,2316,2670,2294,1386,954,606,484,386,158,68,44,18,8,10,4,4,0,0,8,0,2,0,6%,7%,7%,9%,12%,11%,8%,7%,7%,8%,7%,4%,3%,2%,1%,1%,0%,0%,0%,0%,0%,0%,0%,0%,0%,0%,0%,0%,0%,0%
2022. 5.6,A0503 B2,B,,,5,0,0,39,1495,1,Fail,Stag+In,4.81%,24216,6836,12996,11220,6202,610,24,0.282,2.720193,0.929032,31052,2192,2486,2800,2886,2632,2680,2582,2188,2032,1738,1568,1464,1518,1130,522,320,146,102,26,16,12,4,6,2,0,0,0,0,0,0,7%,8%,9%,9%,8%,9%,8%,7%,7%,6%,5%,5%,5%,4%,2%,1%,0%,0%,0%,0%,0%,0%,0%,0%,0%,0%,0%,0%,0%,0%
2022. 5.6,A0503 Park,C,,,5,0,0,72.2,138,1,Fail,Stag+In,0.66%,15828,5062,7430,8398,4298,704,48,0.32,2.768656,0.931554,20890,1194,1290,1480,1756,1710,1788,1794,1594,1654,1568,1366,1076,884,578,394,322,186,116,50,30,16,12,6,14,0,0,0,6,6,0,6%,6%,7%,8%,8%,9%,9%,8%,8%,8%,7%,5%,4%,3%,2%,2%,1%,1%,0%,0%,0%,0%,0%,0%,0%,0%,0%,0%,0%,0%
2022. 5.6,A0503 Tien,G,,,5,0,0,27.8,25,0,Pass,Stag+In,0.21%,9380,2302,4608,4772,2078,204,12,0.245,2.671942,0.921884,11682,502,618,846,1228,1414,1256,1136,1022,768,590,520,530,456,402,170,100,46,38,18,2,0,2,2,4,4,2,0,0,6,0,4%,5%,7%,11%,12%,11%,10%,9%,7%,5%,4%,5%,4%,3%,1%,1%,0%,0%,0%,0%,0%,0%,0%,0%,0%,0%,0%,0%,0%,0%
2022. 5.6,A0503 Huyen,F,,,5,0,0,96.4,10266,1,Fail,Stag+In,43.94%,1724,21642,1064,660,13264,8292,68,12.553,2.262961,0.86069,23366,404,256,174,126,104,108,74,90,140,248,340,842,2152,4466,5464,2976,2510,2244,480,82,32,14,10,6,6,8,4,0,6,0,2%,1%,1%,1%,0%,0%,0%,0%,1%,1%,1%,4%,9%,19%,23%,13%,11%,10%,2%,0%,0%,0%,0%,0%,0%,0%,0%,0%,0%,0%
2022. 5.6,B0506 B,B,,,5,0.01,0,45.8,4060,1,Fail,Stagnant,13.46%,29596,568,11558,18038,564,4,0,0.019,2.21891,0.873422,30164,1116,1582,2448,3256,3156,4980,6204,4118,1992,744,298,176,48,38,4,2,0,2,0,0,0,0,0,0,0,0,0,0,0,0,4%,5%,8%,11%,10%,17%,21%,14%,7%,2%,1%,1%,0%,0%,0%,0%,0%,0%,0%,0%,0%,0%,0%,0%,0%,0%,0%,0%,0%,0%
2022. 5.6,B0506 BF,B,,,5,0.14,0.1,12.4,0,0,Pass,Flushed,0.00%,786,418,344,442,404,14,0,0.532,2.656675,0.924488,1204,124,84,52,20,64,62,94,72,78,136,120,102,88,74,20,6,6,0,0,2,0,0,0,0,0,0,0,0,0,0,10%,7%,4%,2%,5%,5%,8%,6%,6%,11%,10%,8%,7%,6%,2%,0%,0%,0%,0%,0%,0%,0%,0%,0%,0%,0%,0%,0%,0%,0%
2022. 5.6,B0506 Park,C,,,5,0.02,0,155.2,150,1,Fail,Stagnant,0.24%,37764,24954,6552,31212,20306,4506,116,0.661,2.68587,0.918546,62718,812,920,1088,1448,2284,3958,5128,6152,8066,7908,6620,5176,3936,2702,1872,1680,1556,888,308,74,64,26,12,4,10,6,6,6,8,0,1%,1%,2%,2%,4%,6%,8%,10%,13%,13%,11%,8%,6%,4%,3%,3%,2%,1%,0%,0%,0%,0%,0%,0%,0%,0%,0%,0%,0%,0%
2022. 5.6,B0506 Park F,C,,,5,0.25,0.3,15.1,0,0,Pass,Flushed,0.00%,642,166,442,200,150,16,0,0.259,2.557348,0.899506,808,180,108,54,64,36,44,34,56,40,26,50,32,32,28,8,2,6,4,2,2,0,0,0,0,0,0,0,0,0,0,22%,13%,7%,8%,4%,5%,4%,7%,5%,3%,6%,4%,4%,3%,1%,0%,1%,0%,0%,0%,0%,0%,0%,0%,0%,0%,0%,0%,0%,0%
2022. 5.6,B0506 Kim,E,,,5,0.01,0,17.5,75,0,Pass,Stagnant,3.52%,1938,190,1408,530,172,16,0,0.098,2.43653,0.896298,2128,318,310,278,260,242,162,120,74,88,86,86,34,20,20,12,6,6,2,2,0,0,0,0,0,0,0,0,0,2,0,15%,15%,13%,12%,11%,8%,6%,3%,4%,4%,4%,2%,1%,1%,1%,0%,0%,0%,0%,0%,0%,0%,0%,0%,0%,0%,0%,0%,0%,0%
2022. 5.6,B0506 Kim F,E,,,5,0.23,0.2,30.7,0,0,Pass,Flushed,0.00%,398,18,330,68,14,2,2,0.045,1.949307,0.787674,416,164,72,50,30,14,28,16,14,8,2,8,0,0,2,4,0,2,0,0,0,2,0,0,0,0,0,0,0,0,0,39%,17%,12%,7%,3%,7%,4%,3%,2%,0%,2%,0%,0%,0%,1%,0%,0%,0%,0%,0%,0%,0%,0%,0%,0%,0%,0%,0%,0%,0%
2022. 5.6,B0506 Tien,G,,,5,0.01,0,22.8,0,0,Pass,Stagnant,0.00%,2846,2302,822,2024,2262,38,0,0.809,2.401151,0.883225,5148,268,182,122,102,148,176,194,370,542,742,1036,878,194,116,38,20,14,2,2,0,0,0,0,0,0,0,0,0,2,0,5%,4%,2%,2%,3%,3%,4%,7%,11%,14%,20%,17%,4%,2%,1%,0%,0%,0%,0%,0%,0%,0%,0%,0%,0%,0%,0%,0%,0%,0%
2022. 5.6,B0506 Tien F,G,,,5,0.23,0.2,17.7,0,0,Pass,Flushed,0.00%,516,66,364,152,64,2,0,0.128,2.351172,0.870333,582,162,88,44,36,34,32,26,40,20,34,22,24,8,8,2,0,2,0,0,0,0,0,0,0,0,0,0,0,0,0,28%,15%,8%,6%,6%,5%,4%,7%,3%,6%,4%,4%,1%,1%,0%,0%,0%,0%,0%,0%,0%,0%,0%,0%,0%,0%,0%,0%,0%,0%
2022. 5.6,B0506 Huyen,F,,,5,0.02,0,14.6,20,0,Pass,Stagnant,1.95%,894,134,596,298,122,12,0,0.15,2.526196,0.90436,1028,194,124,90,86,102,78,66,66,42,46,54,32,14,12,10,4,2,2,2,2,0,0,0,0,0,0,0,0,0,0,19%,12%,9%,8%,10%,8%,6%,6%,4%,4%,5%,3%,1%,1%,1%,0%,0%,0%,0%,0%,0%,0%,0%,0%,0%,0%,0%,0%,0%,0%
2022. 5.6,B0506 Huyen F,F,,,5,0.16,0.2,17.4,0,0,Pass,Flushed,0.00%,420,10,362,58,8,0,2,0.024,1.905773,0.788291,430,160,96,36,44,26,14,16,8,10,10,6,0,0,2,0,0,0,0,0,0,0,0,2,0,0,0,0,0,0,0,37%,22%,8%,10%,6%,3%,4%,2%,2%,2%,1%,0%,0%,0%,0%,0%,0%,0%,0%,0%,0%,0%,0%,0%,0%,0%,0%,0%,0%,0%
2022. 5.6,B0506 LeeY,H,,,5,0,0,23.4,0,0,Pass,Stagnant,0.00%,1668,76,1258,410,76,0,0,0.046,2.264565,0.880021,1744,296,268,270,226,198,144,110,62,64,30,36,28,8,0,4,0,0,0,0,0,0,0,0,0,0,0,0,0,0,0,17%,15%,15%,13%,11%,8%,6%,4%,4%,2%,2%,2%,0%,0%,0%,0%,0%,0%,0%,0%,0%,0%,0%,0%,0%,0%,0%,0%,0%,0%
2022. 5.6,B0506 LeeY F,H,,,5,0.33,0.3,9.7,0,0,Pass,Flushed,0.00%,338,12,278,60,12,0,0,0.036,1.957214,0.794761,350,130,70,48,20,10,14,14,12,14,6,6,2,2,2,0,0,0,0,0,0,0,0,0,0,0,0,0,0,0,0,37%,20%,14%,6%,3%,4%,4%,3%,4%,2%,2%,1%,1%,1%,0%,0%,0%,0%,0%,0%,0%,0%,0%,0%,0%,0%,0%,0%,0%,0%
2022. 5.6,B0506 YoonS,D,,,5,0,0,14.5,0,0,Pass,Stagnant,0.00%,1306,76,944,362,72,4,0,0.058,2.338766,0.885011,1382,270,210,150,190,124,98,90,74,62,38,22,18,22,10,0,2,2,0,0,0,0,0,0,0,0,0,0,0,0,0,20%,15%,11%,14%,9%,7%,7%,5%,4%,3%,2%,1%,2%,1%,0%,0%,0%,0%,0%,0%,0%,0%,0%,0%,0%,0%,0%,0%,0%,0%
2022. 5.6,B0506 YoonS F,D,,,5,0.22,0.2,24.2,0,0,Pass,Flushed,0.00%,502,40,464,38,32,8,0,0.08,1.800738,0.714244,542,268,88,38,46,24,12,10,4,4,8,8,12,6,4,2,2,0,0,2,4,0,0,0,0,0,0,0,0,0,0,49%,16%,7%,8%,4%,2%,2%,1%,1%,1%,1%,2%,1%,1%,0%,0%,0%,0%,0%,1%,0%,0%,0%,0%,0%,0%,0%,0%,0%,0%
2022. 5.13,B0513 B,B,,,5,0,0,54.3,255,1,Fail,Stagnant,1.02%,21100,3948,9856,11244,3858,84,6,0.187,2.484979,0.898719,25048,1124,1442,1666,2366,3258,4610,3570,1614,832,618,682,826,1138,1042,170,42,24,6,8,4,6,0,0,0,0,0,0,0,0,0,4%,6%,7%,9%,13%,18%,14%,6%,3%,2%,3%,3%,5%,4%,1%,0%,0%,0%,0%,0%,0%,0%,0%,0%,0%,0%,0%,0%,0%,0%
2022. 5.13,B0513 BF,B,,,5,0.17,0.2,19.3,0,0,Pass,Flushed,0.00%,1852,438,1232,620,402,32,2,0.237,2.602515,0.912129,2290,402,288,206,158,178,138,110,116,122,134,146,106,66,64,20,16,12,0,2,2,0,2,0,0,0,0,0,0,2,0,18%,13%,9%,7%,8%,6%,5%,5%,5%,6%,6%,5%,3%,3%,1%,1%,1%,0%,0%,0%,0%,0%,0%,0%,0%,0%,0%,0%,0%,0%
2022. 5.13,B0513 Park,C,,,5,0,0,130.8,4788,1,Fail,Stagnant,8.80%,48336,6088,21648,26688,5664,390,32,0.126,2.564964,0.914565,54424,2974,3660,4330,5206,5478,5316,5822,6314,5548,3688,2242,1434,924,692,372,176,112,60,28,14,10,16,4,2,0,0,0,2,0,0,5%,7%,8%,10%,10%,10%,11%,12%,10%,7%,4%,3%,2%,1%,1%,0%,0%,0%,0%,0%,0%,0%,0%,0%,0%,0%,0%,0%,0%,0%
2022. 5.13,B0513 Park F,C,,,5,0.28,0.3,21.2,0,0,Pass,Flushed,0.00%,1160,132,858,302,122,8,2,0.114,2.384419,0.877972,1292,318,202,140,92,106,78,82,52,50,40,50,26,20,18,8,4,2,0,0,2,2,0,0,0,0,0,0,0,0,0,25%,16%,11%,7%,8%,6%,6%,4%,4%,3%,4%,2%,2%,1%,1%,0%,0%,0%,0%,0%,0%,0%,0%,0%,0%,0%,0%,0%,0%,0%
2022. 5.13,B0513 Park hit,C,,,5,0.19,0.2,26,0,0,Pass,Flushed,0.00%,19338,846,15660,3678,768,76,2,0.044,2.186819,0.854503,20184,5036,3854,2768,2244,1758,1190,902,720,506,360,276,224,120,102,46,40,18,14,2,2,0,0,0,0,2,0,0,0,0,0,25%,19%,14%,11%,9%,6%,4%,4%,3%,2%,1%,1%,1%,1%,0%,0%,0%,0%,0%,0%,0%,0%,0%,0%,0%,0%,0%,0%,0%,0%
2022. 5.13,B0513 Kim,E,,,5,0,0,74.1,23,0,Pass,Stagnant,0.11%,17370,4324,9076,8294,3828,480,12,0.249,2.708702,0.927197,21694,1484,1554,1820,2104,2114,1958,1804,1558,1566,1408,1288,930,678,556,376,228,122,68,42,20,8,2,2,0,0,0,4,0,0,0,7%,7%,8%,10%,10%,9%,8%,7%,7%,6%,6%,4%,3%,3%,2%,1%,1%,0%,0%,0%,0%,0%,0%,0%,0%,0%,0%,0%,0%,0%
2022. 5.13,B0513 Kim F,E,,,5,0.29,0.3,22.1,0,0,Pass,Flushed,0.00%,1072,24,846,226,22,2,0,0.022,2.083638,0.83659,1096,320,210,160,68,88,86,48,32,36,24,6,6,8,2,0,0,2,0,0,0,0,0,0,0,0,0,0,0,0,0,29%,19%,15%,6%,8%,8%,4%,3%,3%,2%,1%,1%,1%,0%,0%,0%,0%,0%,0%,0%,0%,0%,0%,0%,0%,0%,0%,0%,0%,0%
2022. 5.13,B0513 Tien,G,,,5,0.2,0.2,30.5,14,0,Pass,Stagnant,0.71%,1822,148,1374,448,140,6,2,0.081,2.32092,0.875594,1970,460,298,214,228,174,174,104,68,52,50,44,48,22,18,8,6,0,0,0,0,0,0,2,0,0,0,0,0,0,0,23%,15%,11%,12%,9%,9%,5%,3%,3%,3%,2%,2%,1%,1%,0%,0%,0%,0%,0%,0%,0%,0%,0%,0%,0%,0%,0%,0%,0%,0%
2022. 5.13,B0513 Tien F,G,,,5,0.22,0.2,27.2,0,0,Pass,Flushed,0.00%,884,18,794,90,16,2,0,0.02,1.79767,0.758448,902,378,176,112,80,48,30,26,16,12,6,8,4,2,2,0,2,0,0,0,0,0,0,0,0,0,0,0,0,0,0,42%,20%,12%,9%,5%,3%,3%,2%,1%,1%,1%,0%,0%,0%,0%,0%,0%,0%,0%,0%,0%,0%,0%,0%,0%,0%,0%,0%,0%,0%
2022. 5.13,B0513 Huyen,F,,,5,0,0,22.3,0,0,Pass,Stagnant,0.00%,1122,120,700,422,116,4,0,0.107,2.39991,0.88034,1242,320,168,88,62,62,80,76,102,98,66,24,24,38,18,12,4,0,0,0,0,0,0,0,0,0,0,0,0,0,0,26%,14%,7%,5%,5%,6%,6%,8%,8%,5%,2%,2%,3%,1%,1%,0%,0%,0%,0%,0%,0%,0%,0%,0%,0%,0%,0%,0%,0%,0%
2022. 5.13,B0513 Huyen F,F,,,5,0.15,0.2,44.2,0,0,Pass,Flushed,0.00%,1726,80,1394,332,64,16,0,0.046,2.189533,0.849271,1806,494,334,246,158,162,104,84,46,54,44,18,16,14,10,6,8,4,2,2,0,0,0,0,0,0,0,0,0,0,0,27%,18%,14%,9%,9%,6%,5%,3%,3%,2%,1%,1%,1%,1%,0%,0%,0%,0%,0%,0%,0%,0%,0%,0%,0%,0%,0%,0%,0%,0%
2022. 5.13,B0513 YoonS,D,,,5,0,0,36.7,8,0,Pass,Stagnant,0.16%,3878,1082,1438,2440,1048,32,2,0.279,2.630823,0.921683,4960,372,230,220,322,294,428,572,540,482,418,376,310,204,94,64,20,4,4,4,0,0,0,0,0,2,0,0,0,0,0,8%,5%,4%,6%,6%,9%,12%,11%,10%,8%,8%,6%,4%,2%,1%,0%,0%,0%,0%,0%,0%,0%,0%,0%,0%,0%,0%,0%,0%,0%
2022. 5.13,B0513 YoonS F,D,,,5,0.3,0.3,20.2,0,0,Pass,Flushed,0.00%,1062,46,932,130,44,2,0,0.043,1.907824,0.77407,1108,448,218,118,88,60,50,26,26,12,16,6,12,12,12,2,2,0,0,0,0,0,0,0,0,0,0,0,0,0,0,40%,20%,11%,8%,5%,5%,2%,2%,1%,1%,1%,1%,1%,1%,0%,0%,0%,0%,0%,0%,0%,0%,0%,0%,0%,0%,0%,0%,0%,0%
2022. 5.20,B0520 B,B,22.3,,5,0,0,56.2,25,0,Pass,Stagnant,0.04%,55118,4872,9384,45734,4840,32,0,0.088,2.13838,0.840906,59990,576,692,1172,2364,4580,5824,10248,17202,9778,2682,1606,1394,1128,628,84,20,8,4,0,0,0,0,0,0,0,0,0,0,0,0,1%,1%,2%,4%,8%,10%,17%,29%,16%,4%,3%,2%,2%,1%,0%,0%,0%,0%,0%,0%,0%,0%,0%,0%,0%,0%,0%,0%,0%,0%
2022. 5.20,B0520 BF,B,21.7,,5,0.15,0.2,12,0,0,Pass,Flushed,0.00%,2558,794,1794,764,746,48,0,0.31,2.602504,0.90836,3352,668,414,306,226,180,152,142,150,152,168,176,182,124,186,78,22,10,10,6,0,0,0,0,0,0,0,0,0,0,0,20%,12%,9%,7%,5%,5%,4%,4%,5%,5%,5%,5%,4%,6%,2%,1%,0%,0%,0%,0%,0%,0%,0%,0%,0%,0%,0%,0%,0%,0%
2022. 5.20,B0520 P,C,24.4,,5,0,0,45.3,445,1,Fail,Stagnant,1.49%,13824,16138,4108,9716,12664,3386,64,1.167,2.841061,0.933264,29962,732,700,758,862,1056,1390,1632,1666,2172,2856,3160,2884,2630,2312,1678,1328,628,532,508,390,40,14,4,4,2,4,2,6,12,0,2%,2%,3%,3%,4%,5%,5%,6%,7%,10%,11%,10%,9%,8%,6%,4%,2%,2%,2%,1%,0%,0%,0%,0%,0%,0%,0%,0%,0%,0%
2022. 5.20,B0520 PF,C,24,,5,0.25,0.3,24,0,0,Pass,Flushed,0.00%,2048,290,1538,510,240,50,0,0.142,2.447829,0.882128,2338,570,344,260,202,162,134,104,110,66,96,74,60,54,30,22,20,12,10,4,4,0,0,0,0,0,0,0,0,0,0,24%,15%,11%,9%,7%,6%,4%,5%,3%,4%,3%,3%,2%,1%,1%,1%,1%,0%,0%,0%,0%,0%,0%,0%,0%,0%,0%,0%,0%,0%
2022. 5.20,B0520 YSW,D,26,,5,0,0,17.5,15,0,Pass,Stagnant,0.46%,2862,402,1678,1184,378,22,0,0.14,2.545594,0.913507,3264,296,298,328,380,376,370,264,218,152,180,168,104,72,20,14,14,4,4,0,0,0,0,0,0,0,0,2,0,0,0,9%,9%,10%,12%,12%,11%,8%,7%,5%,6%,5%,3%,2%,1%,0%,0%,0%,0%,0%,0%,0%,0%,0%,0%,0%,0%,0%,0%,0%,0%
2022. 5.20,B0520 YSW F,D,25,,5,0.31,0.3,12.6,0,0,Pass,Flushed,0.00%,720,24,620,100,24,0,0,0.033,1.956022,0.797899,744,272,142,100,62,44,34,24,14,20,8,6,6,6,6,0,0,0,0,0,0,0,0,0,0,0,0,0,0,0,0,37%,19%,13%,8%,6%,5%,3%,2%,3%,1%,1%,1%,1%,1%,0%,0%,0%,0%,0%,0%,0%,0%,0%,0%,0%,0%,0%,0%,0%,0%
2022. 5.20,B0520 Huyen,F,23.8,,5,0,0,8,2,0,Pass,Stagnant,0.21%,894,54,740,154,50,4,0,0.06,2.05814,0.807863,948,330,212,84,66,48,38,36,42,24,14,14,4,14,6,12,4,0,0,0,0,0,0,0,0,0,0,0,0,0,0,35%,22%,9%,7%,5%,4%,4%,4%,3%,1%,1%,0%,1%,1%,1%,0%,0%,0%,0%,0%,0%,0%,0%,0%,0%,0%,0%,0%,0%,0%
2022. 5.20,B0520 Huyen F,F,23.7,,5,0.13,0.1,9.1,0,0,Pass,Flushed,0.00%,550,28,450,100,24,4,0,0.051,2.121421,0.823685,578,200,90,72,46,42,20,26,22,16,16,6,4,2,8,4,2,0,0,2,0,0,0,0,0,0,0,0,0,0,0,35%,16%,12%,8%,7%,3%,4%,4%,3%,3%,1%,1%,0%,1%,1%,0%,0%,0%,0%,0%,0%,0%,0%,0%,0%,0%,0%,0%,0%,0%
2022. 5.20,B0520 Lee,H,24.6,,5,0,0,57.2,0,0,Pass,Stagnant,0.00%,1904,306,1266,638,294,12,0,0.161,2.534109,0.907663,2210,378,262,260,180,186,156,162,130,108,82,80,94,60,42,18,8,2,2,0,0,0,0,0,0,0,0,0,0,0,0,17%,12%,12%,8%,8%,7%,7%,6%,5%,4%,4%,4%,3%,2%,1%,0%,0%,0%,0%,0%,0%,0%,0%,0%,0%,0%,0%,0%,0%,0%
2022. 5.20,B0520 Lee F,H,24.4,,5,0.29,0.3,11.4,0,0,Pass,Flushed,0.00%,1268,174,906,362,166,8,0,0.137,2.410557,0.877265,1442,390,184,128,108,96,86,74,70,80,52,52,36,40,22,16,6,0,0,2,0,0,0,0,0,0,0,0,0,0,0,27%,13%,9%,7%,7%,6%,5%,5%,6%,4%,4%,2%,3%,2%,1%,0%,0%,0%,0%,0%,0%,0%,0%,0%,0%,0%,0%,0%,0%,0%
2022. 6.03,B0603 B,B,24.4,,6,0.01,0,52.7,125,1,Fail,Stagnant,0.25%,14252,36372,3672,10580,36050,314,6,2.552,2.202084,0.854232,50624,1078,852,682,568,492,590,808,1332,2852,4998,9056,11886,9168,5182,758,186,78,30,10,10,4,0,2,0,0,0,0,0,2,0,2%,2%,1%,1%,1%,1%,2%,3%,6%,10%,18%,23%,18%,10%,1%,0%,0%,0%,0%,0%,0%,0%,0%,0%,0%,0%,0%,0%,0%,0%
2022. 6.03,B0603 BF,B,22.4,,6,0.15,0.2,16.3,0,0,Pass,Flushed,0.00%,2038,610,1054,984,594,16,0,0.299,2.641662,0.925234,2648,290,236,178,196,154,158,184,176,240,226,170,194,150,74,6,4,0,4,6,2,0,0,0,0,0,0,0,0,0,0,11%,9%,7%,7%,6%,6%,7%,7%,9%,9%,6%,7%,6%,3%,0%,0%,0%,0%,0%,0%,0%,0%,0%,0%,0%,0%,0%,0%,0%,0%
2022. 6.03,B0603 Park,C,27.3,,6,0.02,0,175.4,2218,1,Fail,Stagnant,4.25%,27190,25036,9110,18080,19830,5052,118,0.921,2.852602,0.936123,52226,1074,1278,1548,2290,2920,3618,3978,3468,3450,3566,4612,5180,4170,3292,2576,1982,1174,1022,608,266,68,22,12,4,12,16,16,0,4,0,2%,2%,3%,4%,6%,7%,8%,7%,7%,7%,9%,10%,8%,6%,5%,4%,2%,2%,1%,1%,0%,0%,0%,0%,0%,0%,0%,0%,0%,0%
2022. 6.03,B0603 Park F,C,23.2,,6,0.22,0.2,20.5,0,0,Pass,Flushed,0.00%,612,26,430,182,24,2,0,0.042,2.275664,0.878117,638,140,92,86,68,44,58,44,42,28,10,12,6,4,2,0,2,0,0,0,0,0,0,0,0,0,0,0,0,0,0,22%,14%,13%,11%,7%,9%,7%,7%,4%,2%,2%,1%,1%,0%,0%,0%,0%,0%,0%,0%,0%,0%,0%,0%,0%,0%,0%,0%,0%,0%
2022. 6.03,B0603 Kim,E,26.7,,6,0,0,48.7,0,0,Pass,Stagnant,0.00%,17742,494,13392,4350,446,44,2,0.028,2.181818,0.861731,18236,1390,1836,2774,3916,3476,1960,988,656,392,354,170,116,98,42,20,16,8,8,10,2,0,0,2,0,0,0,0,0,2,0,8%,10%,15%,21%,19%,11%,5%,4%,2%,2%,1%,1%,1%,0%,0%,0%,0%,0%,0%,0%,0%,0%,0%,0%,0%,0%,0%,0%,0%,0%
2022. 6.03,B0603 Kim F,E,26.1,,6,0.22,0.2,12.3,0,0,Pass,Flushed,0.00%,640,22,550,90,20,2,0,0.034,2.025215,0.835976,662,190,114,94,76,76,42,26,20,2,0,4,6,6,4,0,0,2,0,0,0,0,0,0,0,0,0,0,0,0,0,29%,17%,14%,11%,11%,6%,4%,3%,0%,0%,1%,1%,1%,1%,0%,0%,0%,0%,0%,0%,0%,0%,0%,0%,0%,0%,0%,0%,0%,0%
2022. 6.03,B0603 A 우정,A,23.5,,6,0.01,0,13.1,0,0,Pass,Stagnant,0.00%,2608,464,1700,908,442,18,4,0.178,2.574619,0.914346,3072,422,366,310,302,300,230,188,150,196,144,136,148,94,48,16,8,2,4,4,0,2,0,0,2,0,0,0,0,0,0,14%,12%,10%,10%,10%,7%,6%,5%,6%,5%,4%,5%,3%,2%,1%,0%,0%,0%,0%,0%,0%,0%,0%,0%,0%,0%,0%,0%,0%,0%
2022. 6.03,B0603 A 우정 F,A,23,,6,0.06,0.1,9.4,0,0,Pass,Flushed,0.00%,790,22,676,114,20,2,0,0.028,1.983852,0.806643,812,288,144,108,76,60,44,24,24,10,12,6,2,4,4,4,0,2,0,0,0,0,0,0,0,0,0,0,0,0,0,35%,18%,13%,9%,7%,5%,3%,3%,1%,1%,1%,0%,0%,0%,0%,0%,0%,0%,0%,0%,0%,0%,0%,0%,0%,0%,0%,0%,0%,0%
2022. 6.03,B0603 Tien,G,25.1,,6,0.01,0,16.6,0,0,Pass,Stagnant,0.00%,2622,210,1440,1182,208,2,0,0.08,2.486829,0.910565,2832,324,284,256,308,268,222,268,282,256,154,78,60,46,16,8,0,0,0,2,0,0,0,0,0,0,0,0,0,0,0,11%,10%,9%,11%,9%,8%,9%,10%,9%,5%,3%,2%,2%,1%,0%,0%,0%,0%,0%,0%,0%,0%,0%,0%,0%,0%,0%,0%,0%,0%
2022. 6.03,B0603 Tien F,G,24.9,,6,0.2,0.2,11.3,0,0,Pass,Flushed,0.00%,808,12,630,178,12,0,0,0.015,2.07112,0.84479,820,230,136,114,90,60,46,70,40,16,6,6,4,2,0,0,0,0,0,0,0,0,0,0,0,0,0,0,0,0,0,28%,17%,14%,11%,7%,6%,9%,5%,2%,1%,1%,0%,0%,0%,0%,0%,0%,0%,0%,0%,0%,0%,0%,0%,0%,0%,0%,0%,0%,0%
